"","geo_id","med_income","year"
"1","1400000US53033000100",47518,2010
"2","1400000US53033000200",54797,2010
"3","1400000US53033000300",61966,2010
"4","1400000US53033000401",35095,2010
"5","1400000US53033000402",45183,2010
"6","1400000US53033000500",110125,2010
"7","1400000US53033000600",56944,2010
"8","1400000US53033000700",44144,2010
"9","1400000US53033000800",64113,2010
"10","1400000US53033000900",86576,2010
"11","1400000US53033001000",70200,2010
"12","1400000US53033001100",79250,2010
"13","1400000US53033001200",37392,2010
"14","1400000US53033001300",40481,2010
"15","1400000US53033001400",64052,2010
"16","1400000US53033001500",89438,2010
"17","1400000US53033001600",83913,2010
"18","1400000US53033001701",55052,2010
"19","1400000US53033001702",53646,2010
"20","1400000US53033001800",73870,2010
"21","1400000US53033001900",63924,2010
"22","1400000US53033002000",65875,2010
"23","1400000US53033002100",74191,2010
"24","1400000US53033002200",101275,2010
"25","1400000US53033002400",83200,2010
"26","1400000US53033002500",100266,2010
"27","1400000US53033002600",100102,2010
"28","1400000US53033002700",89281,2010
"29","1400000US53033002800",62385,2010
"30","1400000US53033002900",91156,2010
"31","1400000US53033003000",83226,2010
"32","1400000US53033003100",80167,2010
"33","1400000US53033003200",57043,2010
"34","1400000US53033003300",68272,2010
"35","1400000US53033003400",87554,2010
"36","1400000US53033003500",76641,2010
"37","1400000US53033003600",64199,2010
"38","1400000US53033003800",79375,2010
"39","1400000US53033003900",71875,2010
"40","1400000US53033004000",85658,2010
"41","1400000US53033004100",110067,2010
"42","1400000US53033004200",99205,2010
"43","1400000US53033004301",69815,2010
"44","1400000US53033004302",16434,2010
"45","1400000US53033004400",47299,2010
"46","1400000US53033004500",96250,2010
"47","1400000US53033004600",100950,2010
"48","1400000US53033004700",54002,2010
"49","1400000US53033004800",79563,2010
"50","1400000US53033004900",59022,2010
"51","1400000US53033005000",55378,2010
"52","1400000US53033005100",82829,2010
"53","1400000US53033005200",36563,2010
"54","1400000US53033005301",17186,2010
"55","1400000US53033005302",5000,2010
"56","1400000US53033005400",63621,2010
"57","1400000US53033005600",138472,2010
"58","1400000US53033005700",88828,2010
"59","1400000US53033005801",57993,2010
"60","1400000US53033005802",60972,2010
"61","1400000US53033005900",69953,2010
"62","1400000US53033006000",77708,2010
"63","1400000US53033006100",67984,2010
"64","1400000US53033006200",130820,2010
"65","1400000US53033006300",90699,2010
"66","1400000US53033006400",110547,2010
"67","1400000US53033006500",72863,2010
"68","1400000US53033006600",62258,2010
"69","1400000US53033006700",65963,2010
"70","1400000US53033006800",92083,2010
"71","1400000US53033006900",78559,2010
"72","1400000US53033007000",52252,2010
"73","1400000US53033007100",54409,2010
"74","1400000US53033007200",42043,2010
"75","1400000US53033007300",30317,2010
"76","1400000US53033007401",45777,2010
"77","1400000US53033007402",41067,2010
"78","1400000US53033007500",46743,2010
"79","1400000US53033007600",51827,2010
"80","1400000US53033007700",63704,2010
"81","1400000US53033007800",134327,2010
"82","1400000US53033007900",46393,2010
"83","1400000US53033008001",70641,2010
"84","1400000US53033008002",41197,2010
"85","1400000US53033008100",33592,2010
"86","1400000US53033008200",41250,2010
"87","1400000US53033008300",44637,2010
"88","1400000US53033008400",37859,2010
"89","1400000US53033008500",20148,2010
"90","1400000US53033008600",30069,2010
"91","1400000US53033008700",58229,2010
"92","1400000US53033008800",61181,2010
"93","1400000US53033008900",72005,2010
"94","1400000US53033009000",26750,2010
"95","1400000US53033009100",18838,2010
"96","1400000US53033009200",13667,2010
"97","1400000US53033009300",54158,2010
"98","1400000US53033009400",41148,2010
"99","1400000US53033009500",81506,2010
"100","1400000US53033009600",76901,2010
"101","1400000US53033009701",75463,2010
"102","1400000US53033009702",78469,2010
"103","1400000US53033009800",78200,2010
"104","1400000US53033009900",67672,2010
"105","1400000US53033010001",50054,2010
"106","1400000US53033010002",58032,2010
"107","1400000US53033010100",49764,2010
"108","1400000US53033010200",82901,2010
"109","1400000US53033010300",42486,2010
"110","1400000US53033010401",65799,2010
"111","1400000US53033010402",71250,2010
"112","1400000US53033010500",64815,2010
"113","1400000US53033010600",71850,2010
"114","1400000US53033010701",42418,2010
"115","1400000US53033010702",39074,2010
"116","1400000US53033010800",69844,2010
"117","1400000US53033010900",37097,2010
"118","1400000US53033011001",26859,2010
"119","1400000US53033011002",54018,2010
"120","1400000US53033011101",44844,2010
"121","1400000US53033011102",55926,2010
"122","1400000US53033011200",42907,2010
"123","1400000US53033011300",63333,2010
"124","1400000US53033011401",63750,2010
"125","1400000US53033011402",53049,2010
"126","1400000US53033011500",75344,2010
"127","1400000US53033011600",87414,2010
"128","1400000US53033011700",53700,2010
"129","1400000US53033011800",48037,2010
"130","1400000US53033011900",62311,2010
"131","1400000US53033012000",84137,2010
"132","1400000US53033012100",99714,2010
"133","1400000US53033020100",83233,2010
"134","1400000US53033020200",83032,2010
"135","1400000US53033020300",54773,2010
"136","1400000US53033020401",65353,2010
"137","1400000US53033020402",61823,2010
"138","1400000US53033020500",61725,2010
"139","1400000US53033020600",82148,2010
"140","1400000US53033020700",52929,2010
"141","1400000US53033020800",100417,2010
"142","1400000US53033020900",82941,2010
"143","1400000US53033021000",67875,2010
"144","1400000US53033021100",58462,2010
"145","1400000US53033021300",57614,2010
"146","1400000US53033021400",96850,2010
"147","1400000US53033021500",114375,2010
"148","1400000US53033021600",94091,2010
"149","1400000US53033021700",57417,2010
"150","1400000US53033021802",70266,2010
"151","1400000US53033021803",60854,2010
"152","1400000US53033021804",65217,2010
"153","1400000US53033021903",62548,2010
"154","1400000US53033021904",74067,2010
"155","1400000US53033021905",76681,2010
"156","1400000US53033021906",87500,2010
"157","1400000US53033022001",59191,2010
"158","1400000US53033022003",68693,2010
"159","1400000US53033022005",71514,2010
"160","1400000US53033022006",79342,2010
"161","1400000US53033022101",106528,2010
"162","1400000US53033022102",92327,2010
"163","1400000US53033022201",75810,2010
"164","1400000US53033022202",70281,2010
"165","1400000US53033022203",109609,2010
"166","1400000US53033022300",101932,2010
"167","1400000US53033022400",101027,2010
"168","1400000US53033022500",101833,2010
"169","1400000US53033022603",90673,2010
"170","1400000US53033022604",86815,2010
"171","1400000US53033022605",80488,2010
"172","1400000US53033022606",85417,2010
"173","1400000US53033022701",91019,2010
"174","1400000US53033022702",96635,2010
"175","1400000US53033022703",113500,2010
"176","1400000US53033022801",73168,2010
"177","1400000US53033022802",94205,2010
"178","1400000US53033022803",82339,2010
"179","1400000US53033022901",114756,2010
"180","1400000US53033022902",105073,2010
"181","1400000US53033023000",121736,2010
"182","1400000US53033023100",74280,2010
"183","1400000US53033023201",73908,2010
"184","1400000US53033023202",47159,2010
"185","1400000US53033023300",74488,2010
"186","1400000US53033023401",69375,2010
"187","1400000US53033023403",103011,2010
"188","1400000US53033023404",120682,2010
"189","1400000US53033023500",88393,2010
"190","1400000US53033023601",65093,2010
"191","1400000US53033023603",57500,2010
"192","1400000US53033023604",62692,2010
"193","1400000US53033023700",89602,2010
"194","1400000US53033023801",64302,2010
"195","1400000US53033023803",86563,2010
"196","1400000US53033023804",63056,2010
"197","1400000US53033023900",93698,2010
"198","1400000US53033024000",89781,2010
"199","1400000US53033024100",184375,2010
"200","1400000US53033024200",175250,2010
"201","1400000US53033024300",91734,2010
"202","1400000US53033024400",89224,2010
"203","1400000US53033024500",139469,2010
"204","1400000US53033024601",164353,2010
"205","1400000US53033024602",179010,2010
"206","1400000US53033024701",75257,2010
"207","1400000US53033024702",96793,2010
"208","1400000US53033024800",67530,2010
"209","1400000US53033024901",115824,2010
"210","1400000US53033024902",98039,2010
"211","1400000US53033024903",140370,2010
"212","1400000US53033025001",86166,2010
"213","1400000US53033025003",127676,2010
"214","1400000US53033025005",104297,2010
"215","1400000US53033025006",115135,2010
"216","1400000US53033025101",71250,2010
"217","1400000US53033025102",84408,2010
"218","1400000US53033025200",67000,2010
"219","1400000US53033025301",70698,2010
"220","1400000US53033025302",43921,2010
"221","1400000US53033025400",47282,2010
"222","1400000US53033025500",44541,2010
"223","1400000US53033025601",60112,2010
"224","1400000US53033025602",89072,2010
"225","1400000US53033025701",46998,2010
"226","1400000US53033025702",90647,2010
"227","1400000US53033025803",50785,2010
"228","1400000US53033025804",66378,2010
"229","1400000US53033025805",61447,2010
"230","1400000US53033025806",70238,2010
"231","1400000US53033026001",71199,2010
"232","1400000US53033026002",39798,2010
"233","1400000US53033026100",48311,2010
"234","1400000US53033026200",41162,2010
"235","1400000US53033026300",49886,2010
"236","1400000US53033026400",43773,2010
"237","1400000US53033026500",50922,2010
"238","1400000US53033026600",49866,2010
"239","1400000US53033026700",54036,2010
"240","1400000US53033026801",33231,2010
"241","1400000US53033026802",40879,2010
"242","1400000US53033027000",48698,2010
"243","1400000US53033027100",40921,2010
"244","1400000US53033027200",62959,2010
"245","1400000US53033027300",47731,2010
"246","1400000US53033027400",53822,2010
"247","1400000US53033027500",58537,2010
"248","1400000US53033027600",53908,2010
"249","1400000US53033027701",75402,2010
"250","1400000US53033027702",83250,2010
"251","1400000US53033027800",78575,2010
"252","1400000US53033027900",51250,2010
"253","1400000US53033028000",35332,2010
"254","1400000US53033028100",41389,2010
"255","1400000US53033028200",38283,2010
"256","1400000US53033028300",75208,2010
"257","1400000US53033028402",40785,2010
"258","1400000US53033028403",37108,2010
"259","1400000US53033028500",45868,2010
"260","1400000US53033028600",72000,2010
"261","1400000US53033028700",71190,2010
"262","1400000US53033028801",62865,2010
"263","1400000US53033028802",39235,2010
"264","1400000US53033028901",58924,2010
"265","1400000US53033028902",43101,2010
"266","1400000US53033029001",76338,2010
"267","1400000US53033029003",57033,2010
"268","1400000US53033029004",36772,2010
"269","1400000US53033029101",69511,2010
"270","1400000US53033029102",63868,2010
"271","1400000US53033029203",29509,2010
"272","1400000US53033029204",60400,2010
"273","1400000US53033029205",48271,2010
"274","1400000US53033029206",29727,2010
"275","1400000US53033029303",68132,2010
"276","1400000US53033029304",88310,2010
"277","1400000US53033029305",66071,2010
"278","1400000US53033029306",61691,2010
"279","1400000US53033029307",90570,2010
"280","1400000US53033029403",67339,2010
"281","1400000US53033029405",88542,2010
"282","1400000US53033029406",79044,2010
"283","1400000US53033029407",37393,2010
"284","1400000US53033029408",50549,2010
"285","1400000US53033029502",85814,2010
"286","1400000US53033029503",36225,2010
"287","1400000US53033029504",47741,2010
"288","1400000US53033029601",69519,2010
"289","1400000US53033029602",98776,2010
"290","1400000US53033029700",41625,2010
"291","1400000US53033029801",64146,2010
"292","1400000US53033029802",78078,2010
"293","1400000US53033029901",70020,2010
"294","1400000US53033029902",95263,2010
"295","1400000US53033030003",65574,2010
"296","1400000US53033030004",41328,2010
"297","1400000US53033030005",51453,2010
"298","1400000US53033030006",41949,2010
"299","1400000US53033030100",85625,2010
"300","1400000US53033030201",55070,2010
"301","1400000US53033030202",52017,2010
"302","1400000US53033030304",78365,2010
"303","1400000US53033030305",68833,2010
"304","1400000US53033030306",78438,2010
"305","1400000US53033030308",61731,2010
"306","1400000US53033030309",49685,2010
"307","1400000US53033030310",64913,2010
"308","1400000US53033030311",62809,2010
"309","1400000US53033030312",61071,2010
"310","1400000US53033030313",42321,2010
"311","1400000US53033030314",35355,2010
"312","1400000US53033030401",67412,2010
"313","1400000US53033030403",74615,2010
"314","1400000US53033030404",75208,2010
"315","1400000US53033030501",19946,2010
"316","1400000US53033030503",39471,2010
"317","1400000US53033030504",37500,2010
"318","1400000US53033030600",42571,2010
"319","1400000US53033030700",36932,2010
"320","1400000US53033030801",38574,2010
"321","1400000US53033030802",45687,2010
"322","1400000US53033030901",60750,2010
"323","1400000US53033030902",49795,2010
"324","1400000US53033031000",92333,2010
"325","1400000US53033031100",49016,2010
"326","1400000US53033031202",91069,2010
"327","1400000US53033031204",81726,2010
"328","1400000US53033031205",71449,2010
"329","1400000US53033031206",58438,2010
"330","1400000US53033031301",74100,2010
"331","1400000US53033031302",65241,2010
"332","1400000US53033031400",57220,2010
"333","1400000US53033031501",75500,2010
"334","1400000US53033031502",65255,2010
"335","1400000US53033031601",105605,2010
"336","1400000US53033031603",90676,2010
"337","1400000US53033031604",93380,2010
"338","1400000US53033031605",83362,2010
"339","1400000US53033031703",73304,2010
"340","1400000US53033031704",78750,2010
"341","1400000US53033031705",92456,2010
"342","1400000US53033031706",83663,2010
"343","1400000US53033031800",86798,2010
"344","1400000US53033031903",77154,2010
"345","1400000US53033031904",98869,2010
"346","1400000US53033031906",111166,2010
"347","1400000US53033031907",91432,2010
"348","1400000US53033031908",63103,2010
"349","1400000US53033031909",104138,2010
"350","1400000US53033032002",86667,2010
"351","1400000US53033032003",108654,2010
"352","1400000US53033032005",65981,2010
"353","1400000US53033032006",86458,2010
"354","1400000US53033032007",88229,2010
"355","1400000US53033032008",93542,2010
"356","1400000US53033032010",88472,2010
"357","1400000US53033032011",100103,2010
"358","1400000US53033032102",101647,2010
"359","1400000US53033032103",56780,2010
"360","1400000US53033032104",77083,2010
"361","1400000US53033032203",131949,2010
"362","1400000US53033032207",133224,2010
"363","1400000US53033032208",83220,2010
"364","1400000US53033032210",101558,2010
"365","1400000US53033032211",106806,2010
"366","1400000US53033032212",105357,2010
"367","1400000US53033032213",146923,2010
"368","1400000US53033032214",140913,2010
"369","1400000US53033032215",169250,2010
"370","1400000US53033032307",113397,2010
"371","1400000US53033032309",91469,2010
"372","1400000US53033032311",126713,2010
"373","1400000US53033032313",85239,2010
"374","1400000US53033032315",119068,2010
"375","1400000US53033032316",143491,2010
"376","1400000US53033032317",125750,2010
"377","1400000US53033032318",122500,2010
"378","1400000US53033032319",53613,2010
"379","1400000US53033032320",136681,2010
"380","1400000US53033032321",143750,2010
"381","1400000US53033032322",135972,2010
"382","1400000US53033032323",92917,2010
"383","1400000US53033032324",83833,2010
"384","1400000US53033032325",64714,2010
"385","1400000US53033032326",132813,2010
"386","1400000US53033032327",97575,2010
"387","1400000US53033032328",121806,2010
"388","1400000US53033032329",115230,2010
"389","1400000US53033032401",98323,2010
"390","1400000US53033032402",103456,2010
"391","1400000US53033032500",80494,2010
"392","1400000US53033032601",75417,2010
"393","1400000US53033032602",118036,2010
"394","1400000US53033032702",102729,2010
"395","1400000US53033032703",72750,2010
"396","1400000US53033032704",68690,2010
"397","1400000US53033032800",81204,2010
"398","1400000US53053060200",53091,2010
"399","1400000US53053060300",68636,2010
"400","1400000US53053060400",78609,2010
"401","1400000US53053060500",84918,2010
"402","1400000US53053060600",60270,2010
"403","1400000US53053060700",56926,2010
"404","1400000US53053060800",65978,2010
"405","1400000US53053060903",66131,2010
"406","1400000US53053060904",38644,2010
"407","1400000US53053060905",44664,2010
"408","1400000US53053060906",61514,2010
"409","1400000US53053061001",70000,2010
"410","1400000US53053061002",38480,2010
"411","1400000US53053061100",51682,2010
"412","1400000US53053061200",44615,2010
"413","1400000US53053061300",33966,2010
"414","1400000US53053061400",14982,2010
"415","1400000US53053061500",28062,2010
"416","1400000US53053061601",16479,2010
"417","1400000US53053061602",32014,2010
"418","1400000US53053061700",36659,2010
"419","1400000US53053061800",34212,2010
"420","1400000US53053061900",40000,2010
"421","1400000US53053062000",43148,2010
"422","1400000US53053062300",46971,2010
"423","1400000US53053062400",54678,2010
"424","1400000US53053062500",51988,2010
"425","1400000US53053062600",30096,2010
"426","1400000US53053062801",35293,2010
"427","1400000US53053062802",51738,2010
"428","1400000US53053062900",50941,2010
"429","1400000US53053063000",43500,2010
"430","1400000US53053063100",47902,2010
"431","1400000US53053063200",57422,2010
"432","1400000US53053063300",41977,2010
"433","1400000US53053063400",46101,2010
"434","1400000US53053063501",38955,2010
"435","1400000US53053063502",52344,2010
"436","1400000US53053070100",69083,2010
"437","1400000US53053070203",82260,2010
"438","1400000US53053070204",50984,2010
"439","1400000US53053070205",64423,2010
"440","1400000US53053070206",68292,2010
"441","1400000US53053070207",63750,2010
"442","1400000US53053070307",103750,2010
"443","1400000US53053070308",71250,2010
"444","1400000US53053070309",83387,2010
"445","1400000US53053070310",81507,2010
"446","1400000US53053070311",72522,2010
"447","1400000US53053070312",89136,2010
"448","1400000US53053070313",76556,2010
"449","1400000US53053070314",91768,2010
"450","1400000US53053070315",84877,2010
"451","1400000US53053070316",78915,2010
"452","1400000US53053070401",74063,2010
"453","1400000US53053070403",65911,2010
"454","1400000US53053070404",84526,2010
"455","1400000US53053070703",60530,2010
"456","1400000US53053071100",47772,2010
"457","1400000US53053071205",71563,2010
"458","1400000US53053071206",57188,2010
"459","1400000US53053071207",43278,2010
"460","1400000US53053071208",48100,2010
"461","1400000US53053071209",87794,2010
"462","1400000US53053071210",104550,2010
"463","1400000US53053071304",55000,2010
"464","1400000US53053071305",56734,2010
"465","1400000US53053071306",68058,2010
"466","1400000US53053071307",65804,2010
"467","1400000US53053071309",65750,2010
"468","1400000US53053071310",84868,2010
"469","1400000US53053071403",61422,2010
"470","1400000US53053071406",70425,2010
"471","1400000US53053071407",69716,2010
"472","1400000US53053071408",54063,2010
"473","1400000US53053071409",53536,2010
"474","1400000US53053071410",63295,2010
"475","1400000US53053071411",60907,2010
"476","1400000US53053071503",40602,2010
"477","1400000US53053071504",36113,2010
"478","1400000US53053071505",56509,2010
"479","1400000US53053071506",66934,2010
"480","1400000US53053071601",41538,2010
"481","1400000US53053071602",44186,2010
"482","1400000US53053071703",35765,2010
"483","1400000US53053071704",33003,2010
"484","1400000US53053071705",43794,2010
"485","1400000US53053071706",26618,2010
"486","1400000US53053071707",43241,2010
"487","1400000US53053071803",41055,2010
"488","1400000US53053071805",25536,2010
"489","1400000US53053071806",26960,2010
"490","1400000US53053071807",36987,2010
"491","1400000US53053071808",33421,2010
"492","1400000US53053071901",38623,2010
"493","1400000US53053071902",69773,2010
"494","1400000US53053072000",32304,2010
"495","1400000US53053072105",76972,2010
"496","1400000US53053072106",46761,2010
"497","1400000US53053072107",79769,2010
"498","1400000US53053072108",46205,2010
"499","1400000US53053072109",83209,2010
"500","1400000US53053072111",58045,2010
"501","1400000US53053072112",58160,2010
"502","1400000US53053072305",62465,2010
"503","1400000US53053072307",46607,2010
"504","1400000US53053072308",70508,2010
"505","1400000US53053072309",62226,2010
"506","1400000US53053072310",53059,2010
"507","1400000US53053072311",32806,2010
"508","1400000US53053072312",46296,2010
"509","1400000US53053072313",90714,2010
"510","1400000US53053072405",82377,2010
"511","1400000US53053072406",87714,2010
"512","1400000US53053072407",59670,2010
"513","1400000US53053072408",79867,2010
"514","1400000US53053072409",105111,2010
"515","1400000US53053072410",93517,2010
"516","1400000US53053072503",78140,2010
"517","1400000US53053072504",82875,2010
"518","1400000US53053072505",88750,2010
"519","1400000US53053072506",85039,2010
"520","1400000US53053072507",63189,2010
"521","1400000US53053072601",65000,2010
"522","1400000US53053072602",67327,2010
"523","1400000US53053072603",45442,2010
"524","1400000US53053072800",81315,2010
"525","1400000US53053072901",44219,2010
"526","1400000US53053072903",45000,2010
"527","1400000US53053072905",38834,2010
"528","1400000US53053072906",38656,2010
"529","1400000US53053072907",37857,2010
"530","1400000US53053073001",52256,2010
"531","1400000US53053073005",69074,2010
"532","1400000US53053073006",64352,2010
"533","1400000US53053073108",64761,2010
"534","1400000US53053073110",85918,2010
"535","1400000US53053073111",78357,2010
"536","1400000US53053073113",65759,2010
"537","1400000US53053073114",61855,2010
"538","1400000US53053073115",67986,2010
"539","1400000US53053073116",71000,2010
"540","1400000US53053073117",65385,2010
"541","1400000US53053073118",72838,2010
"542","1400000US53053073119",67212,2010
"543","1400000US53053073120",70653,2010
"544","1400000US53053073121",88563,2010
"545","1400000US53053073122",79331,2010
"546","1400000US53053073123",92692,2010
"547","1400000US53053073124",74321,2010
"548","1400000US53053073125",68043,2010
"549","1400000US53053073126",82404,2010
"550","1400000US53053073200",52647,2010
"551","1400000US53053073301",43698,2010
"552","1400000US53053073302",63704,2010
"553","1400000US53053073404",60417,2010
"554","1400000US53053073405",42693,2010
"555","1400000US53053073406",65655,2010
"556","1400000US53053073407",40859,2010
"557","1400000US53053073408",57131,2010
"558","1400000US53053073500",78000,2010
"559","1400000US53053940001",91382,2010
"560","1400000US53053940002",58835,2010
"561","1400000US53053940003",53974,2010
"562","1400000US53053940004",60045,2010
"563","1400000US53053940005",75237,2010
"564","1400000US53053940006",13533,2010
"565","1400000US53053940007",44949,2010
"566","1400000US53053940008",71450,2010
"567","1400000US53053940009",65238,2010
"568","1400000US53053940010",40204,2010
"569","1400000US53053940011",107700,2010
"570","1400000US53061040100",54018,2010
"571","1400000US53061040200",23895,2010
"572","1400000US53061040300",44881,2010
"573","1400000US53061040400",39757,2010
"574","1400000US53061040500",47903,2010
"575","1400000US53061040700",33553,2010
"576","1400000US53061040800",40500,2010
"577","1400000US53061040900",72863,2010
"578","1400000US53061041000",43847,2010
"579","1400000US53061041100",55394,2010
"580","1400000US53061041201",66016,2010
"581","1400000US53061041202",48175,2010
"582","1400000US53061041301",90060,2010
"583","1400000US53061041303",67586,2010
"584","1400000US53061041304",100829,2010
"585","1400000US53061041400",50319,2010
"586","1400000US53061041500",52875,2010
"587","1400000US53061041601",73533,2010
"588","1400000US53061041605",79267,2010
"589","1400000US53061041606",69066,2010
"590","1400000US53061041607",101283,2010
"591","1400000US53061041608",93616,2010
"592","1400000US53061041701",45256,2010
"593","1400000US53061041703",72500,2010
"594","1400000US53061041704",85492,2010
"595","1400000US53061041805",49896,2010
"596","1400000US53061041806",45890,2010
"597","1400000US53061041808",44958,2010
"598","1400000US53061041809",50231,2010
"599","1400000US53061041810",52614,2010
"600","1400000US53061041811",55444,2010
"601","1400000US53061041812",39395,2010
"602","1400000US53061041901",54239,2010
"603","1400000US53061041903",37554,2010
"604","1400000US53061041904",41216,2010
"605","1400000US53061041905",48214,2010
"606","1400000US53061042001",102838,2010
"607","1400000US53061042003",87130,2010
"608","1400000US53061042004",59886,2010
"609","1400000US53061042005",113611,2010
"610","1400000US53061042006",66458,2010
"611","1400000US53061050101",86176,2010
"612","1400000US53061050102",66196,2010
"613","1400000US53061050200",101136,2010
"614","1400000US53061050300",91484,2010
"615","1400000US53061050401",71342,2010
"616","1400000US53061050402",67404,2010
"617","1400000US53061050500",66466,2010
"618","1400000US53061050600",142778,2010
"619","1400000US53061050700",67238,2010
"620","1400000US53061050800",61127,2010
"621","1400000US53061050900",48484,2010
"622","1400000US53061051000",56034,2010
"623","1400000US53061051100",57520,2010
"624","1400000US53061051200",58117,2010
"625","1400000US53061051300",49733,2010
"626","1400000US53061051400",34234,2010
"627","1400000US53061051500",45495,2010
"628","1400000US53061051601",55179,2010
"629","1400000US53061051602",64073,2010
"630","1400000US53061051701",48917,2010
"631","1400000US53061051702",59139,2010
"632","1400000US53061051802",60078,2010
"633","1400000US53061051803",42179,2010
"634","1400000US53061051804",71534,2010
"635","1400000US53061051905",75146,2010
"636","1400000US53061051912",99256,2010
"637","1400000US53061051913",100365,2010
"638","1400000US53061051914",90536,2010
"639","1400000US53061051915",79490,2010
"640","1400000US53061051916",81619,2010
"641","1400000US53061051917",77578,2010
"642","1400000US53061051918",73542,2010
"643","1400000US53061051921",72173,2010
"644","1400000US53061051922",96083,2010
"645","1400000US53061051923",74643,2010
"646","1400000US53061051924",76341,2010
"647","1400000US53061051925",83750,2010
"648","1400000US53061051926",115292,2010
"649","1400000US53061051927",99659,2010
"650","1400000US53061051928",57763,2010
"651","1400000US53061052003",111048,2010
"652","1400000US53061052004",102461,2010
"653","1400000US53061052005",67807,2010
"654","1400000US53061052006",97745,2010
"655","1400000US53061052007",91603,2010
"656","1400000US53061052104",79949,2010
"657","1400000US53061052105",74375,2010
"658","1400000US53061052107",99063,2010
"659","1400000US53061052108",104276,2010
"660","1400000US53061052112",90650,2010
"661","1400000US53061052113",107757,2010
"662","1400000US53061052114",123151,2010
"663","1400000US53061052115",100531,2010
"664","1400000US53061052118",106138,2010
"665","1400000US53061052203",90656,2010
"666","1400000US53061052204",73387,2010
"667","1400000US53061052206",85471,2010
"668","1400000US53061052207",86550,2010
"669","1400000US53061052208",44637,2010
"670","1400000US53061052209",59181,2010
"671","1400000US53061052301",90455,2010
"672","1400000US53061052302",80313,2010
"673","1400000US53061052401",66982,2010
"674","1400000US53061052402",46183,2010
"675","1400000US53061052502",66364,2010
"676","1400000US53061052503",66293,2010
"677","1400000US53061052504",72316,2010
"678","1400000US53061052603",82703,2010
"679","1400000US53061052604",57105,2010
"680","1400000US53061052605",76797,2010
"681","1400000US53061052606",77009,2010
"682","1400000US53061052607",92484,2010
"683","1400000US53061052701",90398,2010
"684","1400000US53061052705",89630,2010
"685","1400000US53061052706",69492,2010
"686","1400000US53061052707",74774,2010
"687","1400000US53061052708",98068,2010
"688","1400000US53061052709",75156,2010
"689","1400000US53061052803",58475,2010
"690","1400000US53061052804",75120,2010
"691","1400000US53061052805",57240,2010
"692","1400000US53061052806",70035,2010
"693","1400000US53061052903",45305,2010
"694","1400000US53061052904",55132,2010
"695","1400000US53061052905",33018,2010
"696","1400000US53061052906",65352,2010
"697","1400000US53061053101",54292,2010
"698","1400000US53061053102",68359,2010
"699","1400000US53061053201",67576,2010
"700","1400000US53061053202",73438,2010
"701","1400000US53061053301",59329,2010
"702","1400000US53061053302",83654,2010
"703","1400000US53061053400",78981,2010
"704","1400000US53061053504",53503,2010
"705","1400000US53061053505",71685,2010
"706","1400000US53061053506",65740,2010
"707","1400000US53061053507",78345,2010
"708","1400000US53061053508",63601,2010
"709","1400000US53061053509",42406,2010
"710","1400000US53061053602",64300,2010
"711","1400000US53061053603",76599,2010
"712","1400000US53061053604",68235,2010
"713","1400000US53061053700",44125,2010
"714","1400000US53061053801",66304,2010
"715","1400000US53061053802",65928,2010
"716","1400000US53061053803",57614,2010
"717","1400000US53061940001",64167,2010
"718","1400000US53061940002",58681,2010
"719","1400000US53033000100",44951,2015
"720","1400000US53033000200",56208,2015
"721","1400000US53033000300",64297,2015
"722","1400000US53033000401",32472,2015
"723","1400000US53033000402",62726,2015
"724","1400000US53033000500",125400,2015
"725","1400000US53033000600",60131,2015
"726","1400000US53033000700",51741,2015
"727","1400000US53033000800",87222,2015
"728","1400000US53033000900",125109,2015
"729","1400000US53033001000",69643,2015
"730","1400000US53033001100",64549,2015
"731","1400000US53033001200",31863,2015
"732","1400000US53033001300",56744,2015
"733","1400000US53033001400",72428,2015
"734","1400000US53033001500",95927,2015
"735","1400000US53033001600",96193,2015
"736","1400000US53033001701",65188,2015
"737","1400000US53033001702",62786,2015
"738","1400000US53033001800",87159,2015
"739","1400000US53033001900",61391,2015
"740","1400000US53033002000",80400,2015
"741","1400000US53033002100",85759,2015
"742","1400000US53033002200",132981,2015
"743","1400000US53033002400",103917,2015
"744","1400000US53033002500",101413,2015
"745","1400000US53033002600",91458,2015
"746","1400000US53033002700",111661,2015
"747","1400000US53033002800",90568,2015
"748","1400000US53033002900",103750,2015
"749","1400000US53033003000",90789,2015
"750","1400000US53033003100",101397,2015
"751","1400000US53033003200",79681,2015
"752","1400000US53033003300",85595,2015
"753","1400000US53033003400",97500,2015
"754","1400000US53033003500",81563,2015
"755","1400000US53033003600",65172,2015
"756","1400000US53033003800",96310,2015
"757","1400000US53033003900",110458,2015
"758","1400000US53033004000",75714,2015
"759","1400000US53033004100",132917,2015
"760","1400000US53033004200",110091,2015
"761","1400000US53033004301",64797,2015
"762","1400000US53033004302",18908,2015
"763","1400000US53033004400",50500,2015
"764","1400000US53033004500",88914,2015
"765","1400000US53033004600",113906,2015
"766","1400000US53033004700",72396,2015
"767","1400000US53033004800",93155,2015
"768","1400000US53033004900",71809,2015
"769","1400000US53033005000",65625,2015
"770","1400000US53033005100",99083,2015
"771","1400000US53033005200",38487,2015
"772","1400000US53033005301",12269,2015
"773","1400000US53033005400",84728,2015
"774","1400000US53033005600",157292,2015
"775","1400000US53033005700",90951,2015
"776","1400000US53033005801",66563,2015
"777","1400000US53033005802",62639,2015
"778","1400000US53033005900",87667,2015
"779","1400000US53033006000",96538,2015
"780","1400000US53033006100",76980,2015
"781","1400000US53033006200",131429,2015
"782","1400000US53033006300",132000,2015
"783","1400000US53033006400",154868,2015
"784","1400000US53033006500",98617,2015
"785","1400000US53033006600",82154,2015
"786","1400000US53033006700",88719,2015
"787","1400000US53033006800",98750,2015
"788","1400000US53033006900",100172,2015
"789","1400000US53033007000",67572,2015
"790","1400000US53033007100",74143,2015
"791","1400000US53033007200",74559,2015
"792","1400000US53033007300",76582,2015
"793","1400000US53033007401",67834,2015
"794","1400000US53033007402",41842,2015
"795","1400000US53033007500",63419,2015
"796","1400000US53033007600",68199,2015
"797","1400000US53033007700",104632,2015
"798","1400000US53033007800",137358,2015
"799","1400000US53033007900",57786,2015
"800","1400000US53033008001",88068,2015
"801","1400000US53033008002",37466,2015
"802","1400000US53033008100",75531,2015
"803","1400000US53033008200",56318,2015
"804","1400000US53033008300",49291,2015
"805","1400000US53033008400",42339,2015
"806","1400000US53033008500",29883,2015
"807","1400000US53033008600",43375,2015
"808","1400000US53033008700",56700,2015
"809","1400000US53033008800",76524,2015
"810","1400000US53033008900",79953,2015
"811","1400000US53033009000",44571,2015
"812","1400000US53033009100",29464,2015
"813","1400000US53033009200",25625,2015
"814","1400000US53033009300",70458,2015
"815","1400000US53033009400",47737,2015
"816","1400000US53033009500",81676,2015
"817","1400000US53033009600",77808,2015
"818","1400000US53033009701",82333,2015
"819","1400000US53033009702",106319,2015
"820","1400000US53033009800",71705,2015
"821","1400000US53033009900",67277,2015
"822","1400000US53033010001",51316,2015
"823","1400000US53033010002",66458,2015
"824","1400000US53033010100",59275,2015
"825","1400000US53033010200",84324,2015
"826","1400000US53033010300",57750,2015
"827","1400000US53033010401",60682,2015
"828","1400000US53033010402",79432,2015
"829","1400000US53033010500",66794,2015
"830","1400000US53033010600",90208,2015
"831","1400000US53033010701",55504,2015
"832","1400000US53033010702",48036,2015
"833","1400000US53033010800",74107,2015
"834","1400000US53033010900",42159,2015
"835","1400000US53033011001",29286,2015
"836","1400000US53033011002",47604,2015
"837","1400000US53033011101",52412,2015
"838","1400000US53033011102",61901,2015
"839","1400000US53033011200",35425,2015
"840","1400000US53033011300",47363,2015
"841","1400000US53033011401",54622,2015
"842","1400000US53033011402",47701,2015
"843","1400000US53033011500",75123,2015
"844","1400000US53033011600",102500,2015
"845","1400000US53033011700",60917,2015
"846","1400000US53033011800",38846,2015
"847","1400000US53033011900",71524,2015
"848","1400000US53033012000",83421,2015
"849","1400000US53033012100",110060,2015
"850","1400000US53033020100",93235,2015
"851","1400000US53033020200",72028,2015
"852","1400000US53033020300",58182,2015
"853","1400000US53033020401",61330,2015
"854","1400000US53033020402",71758,2015
"855","1400000US53033020500",66786,2015
"856","1400000US53033020600",72500,2015
"857","1400000US53033020700",56141,2015
"858","1400000US53033020800",82344,2015
"859","1400000US53033020900",63819,2015
"860","1400000US53033021000",74048,2015
"861","1400000US53033021100",70137,2015
"862","1400000US53033021300",67438,2015
"863","1400000US53033021400",99861,2015
"864","1400000US53033021500",108750,2015
"865","1400000US53033021600",96066,2015
"866","1400000US53033021700",73456,2015
"867","1400000US53033021802",87922,2015
"868","1400000US53033021803",74856,2015
"869","1400000US53033021804",72422,2015
"870","1400000US53033021903",71417,2015
"871","1400000US53033021904",89615,2015
"872","1400000US53033021905",92614,2015
"873","1400000US53033021906",81250,2015
"874","1400000US53033022001",70591,2015
"875","1400000US53033022003",75662,2015
"876","1400000US53033022005",90900,2015
"877","1400000US53033022006",81056,2015
"878","1400000US53033022101",100168,2015
"879","1400000US53033022102",96863,2015
"880","1400000US53033022201",78409,2015
"881","1400000US53033022202",82009,2015
"882","1400000US53033022203",121759,2015
"883","1400000US53033022300",113958,2015
"884","1400000US53033022400",111754,2015
"885","1400000US53033022500",100584,2015
"886","1400000US53033022603",104382,2015
"887","1400000US53033022604",94222,2015
"888","1400000US53033022605",68636,2015
"889","1400000US53033022606",104072,2015
"890","1400000US53033022701",103292,2015
"891","1400000US53033022702",123221,2015
"892","1400000US53033022703",101250,2015
"893","1400000US53033022801",88160,2015
"894","1400000US53033022802",101184,2015
"895","1400000US53033022803",96908,2015
"896","1400000US53033022901",123000,2015
"897","1400000US53033022902",120731,2015
"898","1400000US53033023000",104013,2015
"899","1400000US53033023100",92283,2015
"900","1400000US53033023201",78119,2015
"901","1400000US53033023202",46719,2015
"902","1400000US53033023300",76500,2015
"903","1400000US53033023401",71269,2015
"904","1400000US53033023403",93387,2015
"905","1400000US53033023404",146875,2015
"906","1400000US53033023500",110568,2015
"907","1400000US53033023601",78155,2015
"908","1400000US53033023603",87236,2015
"909","1400000US53033023604",72383,2015
"910","1400000US53033023700",96268,2015
"911","1400000US53033023801",97674,2015
"912","1400000US53033023803",96975,2015
"913","1400000US53033023804",89479,2015
"914","1400000US53033023900",117308,2015
"915","1400000US53033024000",107479,2015
"916","1400000US53033024100",189231,2015
"917","1400000US53033024200",175625,2015
"918","1400000US53033024300",103178,2015
"919","1400000US53033024400",69583,2015
"920","1400000US53033024500",167361,2015
"921","1400000US53033024601",175132,2015
"922","1400000US53033024602",195156,2015
"923","1400000US53033024701",83712,2015
"924","1400000US53033024702",106941,2015
"925","1400000US53033024800",68042,2015
"926","1400000US53033024901",135625,2015
"927","1400000US53033024902",102616,2015
"928","1400000US53033024903",152458,2015
"929","1400000US53033025001",110114,2015
"930","1400000US53033025003",126089,2015
"931","1400000US53033025005",103229,2015
"932","1400000US53033025006",148750,2015
"933","1400000US53033025101",81676,2015
"934","1400000US53033025102",104469,2015
"935","1400000US53033025200",75109,2015
"936","1400000US53033025301",77278,2015
"937","1400000US53033025302",34471,2015
"938","1400000US53033025400",47773,2015
"939","1400000US53033025500",57246,2015
"940","1400000US53033025601",60833,2015
"941","1400000US53033025602",105446,2015
"942","1400000US53033025701",47219,2015
"943","1400000US53033025702",85758,2015
"944","1400000US53033025803",50750,2015
"945","1400000US53033025804",71225,2015
"946","1400000US53033025805",58309,2015
"947","1400000US53033025806",77821,2015
"948","1400000US53033026001",73750,2015
"949","1400000US53033026002",51154,2015
"950","1400000US53033026100",46826,2015
"951","1400000US53033026200",46535,2015
"952","1400000US53033026300",55110,2015
"953","1400000US53033026400",43487,2015
"954","1400000US53033026500",29107,2015
"955","1400000US53033026600",63799,2015
"956","1400000US53033026700",65660,2015
"957","1400000US53033026801",36505,2015
"958","1400000US53033026802",41875,2015
"959","1400000US53033027000",59417,2015
"960","1400000US53033027100",46250,2015
"961","1400000US53033027200",50083,2015
"962","1400000US53033027300",49023,2015
"963","1400000US53033027400",60536,2015
"964","1400000US53033027500",56406,2015
"965","1400000US53033027600",51944,2015
"966","1400000US53033027701",64007,2015
"967","1400000US53033027702",81757,2015
"968","1400000US53033027800",89185,2015
"969","1400000US53033027900",52425,2015
"970","1400000US53033028000",44127,2015
"971","1400000US53033028100",45845,2015
"972","1400000US53033028200",41386,2015
"973","1400000US53033028300",78915,2015
"974","1400000US53033028402",39756,2015
"975","1400000US53033028403",31356,2015
"976","1400000US53033028500",47560,2015
"977","1400000US53033028600",88574,2015
"978","1400000US53033028700",73841,2015
"979","1400000US53033028801",60948,2015
"980","1400000US53033028802",40590,2015
"981","1400000US53033028901",67500,2015
"982","1400000US53033028902",41000,2015
"983","1400000US53033029001",58641,2015
"984","1400000US53033029003",55747,2015
"985","1400000US53033029004",31783,2015
"986","1400000US53033029101",74228,2015
"987","1400000US53033029102",65174,2015
"988","1400000US53033029203",33704,2015
"989","1400000US53033029204",59591,2015
"990","1400000US53033029205",61304,2015
"991","1400000US53033029206",29623,2015
"992","1400000US53033029303",67727,2015
"993","1400000US53033029304",92829,2015
"994","1400000US53033029305",76755,2015
"995","1400000US53033029306",71029,2015
"996","1400000US53033029307",94375,2015
"997","1400000US53033029403",70114,2015
"998","1400000US53033029405",83750,2015
"999","1400000US53033029406",89792,2015
"1000","1400000US53033029407",46627,2015
"1001","1400000US53033029408",41651,2015
"1002","1400000US53033029502",76295,2015
"1003","1400000US53033029503",33092,2015
"1004","1400000US53033029504",45329,2015
"1005","1400000US53033029601",72635,2015
"1006","1400000US53033029602",96964,2015
"1007","1400000US53033029700",40513,2015
"1008","1400000US53033029801",62788,2015
"1009","1400000US53033029802",74350,2015
"1010","1400000US53033029901",68609,2015
"1011","1400000US53033029902",84816,2015
"1012","1400000US53033030003",61250,2015
"1013","1400000US53033030004",42439,2015
"1014","1400000US53033030005",48942,2015
"1015","1400000US53033030006",27635,2015
"1016","1400000US53033030100",81458,2015
"1017","1400000US53033030201",51837,2015
"1018","1400000US53033030202",50226,2015
"1019","1400000US53033030304",86198,2015
"1020","1400000US53033030305",71311,2015
"1021","1400000US53033030306",94677,2015
"1022","1400000US53033030308",57565,2015
"1023","1400000US53033030309",61973,2015
"1024","1400000US53033030310",62237,2015
"1025","1400000US53033030311",71659,2015
"1026","1400000US53033030312",54413,2015
"1027","1400000US53033030313",40208,2015
"1028","1400000US53033030314",44918,2015
"1029","1400000US53033030401",73497,2015
"1030","1400000US53033030403",73917,2015
"1031","1400000US53033030404",68616,2015
"1032","1400000US53033030501",22775,2015
"1033","1400000US53033030503",42900,2015
"1034","1400000US53033030504",50396,2015
"1035","1400000US53033030600",53188,2015
"1036","1400000US53033030700",41492,2015
"1037","1400000US53033030801",34351,2015
"1038","1400000US53033030802",52317,2015
"1039","1400000US53033030901",60893,2015
"1040","1400000US53033030902",54315,2015
"1041","1400000US53033031000",104500,2015
"1042","1400000US53033031100",51058,2015
"1043","1400000US53033031202",76932,2015
"1044","1400000US53033031204",89375,2015
"1045","1400000US53033031205",71083,2015
"1046","1400000US53033031206",65809,2015
"1047","1400000US53033031301",74632,2015
"1048","1400000US53033031302",48385,2015
"1049","1400000US53033031400",55398,2015
"1050","1400000US53033031501",83667,2015
"1051","1400000US53033031502",74306,2015
"1052","1400000US53033031601",99730,2015
"1053","1400000US53033031603",82067,2015
"1054","1400000US53033031604",102202,2015
"1055","1400000US53033031605",91071,2015
"1056","1400000US53033031703",84408,2015
"1057","1400000US53033031704",82277,2015
"1058","1400000US53033031705",107311,2015
"1059","1400000US53033031706",74239,2015
"1060","1400000US53033031800",106875,2015
"1061","1400000US53033031903",87014,2015
"1062","1400000US53033031904",84088,2015
"1063","1400000US53033031906",107299,2015
"1064","1400000US53033031907",99038,2015
"1065","1400000US53033031908",61827,2015
"1066","1400000US53033031909",108265,2015
"1067","1400000US53033032002",91063,2015
"1068","1400000US53033032003",83750,2015
"1069","1400000US53033032005",87350,2015
"1070","1400000US53033032006",85323,2015
"1071","1400000US53033032007",90703,2015
"1072","1400000US53033032008",88375,2015
"1073","1400000US53033032010",96857,2015
"1074","1400000US53033032011",106957,2015
"1075","1400000US53033032102",98750,2015
"1076","1400000US53033032103",64474,2015
"1077","1400000US53033032104",82456,2015
"1078","1400000US53033032203",125636,2015
"1079","1400000US53033032207",142470,2015
"1080","1400000US53033032208",77226,2015
"1081","1400000US53033032210",116732,2015
"1082","1400000US53033032211",117250,2015
"1083","1400000US53033032212",126146,2015
"1084","1400000US53033032213",143585,2015
"1085","1400000US53033032214",156481,2015
"1086","1400000US53033032215",190900,2015
"1087","1400000US53033032307",121402,2015
"1088","1400000US53033032309",109469,2015
"1089","1400000US53033032311",149087,2015
"1090","1400000US53033032313",96573,2015
"1091","1400000US53033032315",131992,2015
"1092","1400000US53033032316",164599,2015
"1093","1400000US53033032317",138854,2015
"1094","1400000US53033032318",153098,2015
"1095","1400000US53033032319",68370,2015
"1096","1400000US53033032320",149519,2015
"1097","1400000US53033032321",199542,2015
"1098","1400000US53033032322",147750,2015
"1099","1400000US53033032323",119773,2015
"1100","1400000US53033032324",86600,2015
"1101","1400000US53033032325",107727,2015
"1102","1400000US53033032326",138917,2015
"1103","1400000US53033032327",101563,2015
"1104","1400000US53033032328",112917,2015
"1105","1400000US53033032329",136616,2015
"1106","1400000US53033032401",92500,2015
"1107","1400000US53033032402",106824,2015
"1108","1400000US53033032500",95309,2015
"1109","1400000US53033032601",84583,2015
"1110","1400000US53033032602",132072,2015
"1111","1400000US53033032702",100309,2015
"1112","1400000US53033032703",77483,2015
"1113","1400000US53033032704",70471,2015
"1114","1400000US53033032800",86121,2015
"1115","1400000US53053060200",78382,2015
"1116","1400000US53053060300",66794,2015
"1117","1400000US53053060400",90156,2015
"1118","1400000US53053060500",103611,2015
"1119","1400000US53053060600",68487,2015
"1120","1400000US53053060700",61651,2015
"1121","1400000US53053060800",75250,2015
"1122","1400000US53053060903",65179,2015
"1123","1400000US53053060904",46964,2015
"1124","1400000US53053060905",52546,2015
"1125","1400000US53053060906",65594,2015
"1126","1400000US53053061001",64744,2015
"1127","1400000US53053061002",39704,2015
"1128","1400000US53053061100",48988,2015
"1129","1400000US53053061200",59246,2015
"1130","1400000US53053061300",40972,2015
"1131","1400000US53053061400",18023,2015
"1132","1400000US53053061500",37981,2015
"1133","1400000US53053061601",19364,2015
"1134","1400000US53053061602",53977,2015
"1135","1400000US53053061700",51121,2015
"1136","1400000US53053061800",41058,2015
"1137","1400000US53053061900",32734,2015
"1138","1400000US53053062000",42949,2015
"1139","1400000US53053062300",46792,2015
"1140","1400000US53053062400",50595,2015
"1141","1400000US53053062500",52900,2015
"1142","1400000US53053062600",35202,2015
"1143","1400000US53053062801",35672,2015
"1144","1400000US53053062802",61694,2015
"1145","1400000US53053062900",47250,2015
"1146","1400000US53053063000",51813,2015
"1147","1400000US53053063100",52889,2015
"1148","1400000US53053063200",50331,2015
"1149","1400000US53053063300",54150,2015
"1150","1400000US53053063400",42787,2015
"1151","1400000US53053063501",49313,2015
"1152","1400000US53053063502",46445,2015
"1153","1400000US53053070100",74808,2015
"1154","1400000US53053070203",82083,2015
"1155","1400000US53053070204",65754,2015
"1156","1400000US53053070205",71875,2015
"1157","1400000US53053070206",83065,2015
"1158","1400000US53053070207",60125,2015
"1159","1400000US53053070307",122743,2015
"1160","1400000US53053070308",75486,2015
"1161","1400000US53053070309",73629,2015
"1162","1400000US53053070310",82038,2015
"1163","1400000US53053070311",82016,2015
"1164","1400000US53053070312",102198,2015
"1165","1400000US53053070313",93042,2015
"1166","1400000US53053070314",104000,2015
"1167","1400000US53053070315",95400,2015
"1168","1400000US53053070316",61590,2015
"1169","1400000US53053070401",67656,2015
"1170","1400000US53053070403",66935,2015
"1171","1400000US53053070404",79422,2015
"1172","1400000US53053070703",61750,2015
"1173","1400000US53053071100",55236,2015
"1174","1400000US53053071205",75455,2015
"1175","1400000US53053071206",59034,2015
"1176","1400000US53053071207",46293,2015
"1177","1400000US53053071208",53346,2015
"1178","1400000US53053071209",89107,2015
"1179","1400000US53053071210",89614,2015
"1180","1400000US53053071304",64916,2015
"1181","1400000US53053071305",56458,2015
"1182","1400000US53053071306",72727,2015
"1183","1400000US53053071307",59583,2015
"1184","1400000US53053071309",68561,2015
"1185","1400000US53053071310",87295,2015
"1186","1400000US53053071403",59356,2015
"1187","1400000US53053071406",73833,2015
"1188","1400000US53053071407",62375,2015
"1189","1400000US53053071408",52698,2015
"1190","1400000US53053071409",49172,2015
"1191","1400000US53053071410",57344,2015
"1192","1400000US53053071411",66558,2015
"1193","1400000US53053071503",45189,2015
"1194","1400000US53053071504",40534,2015
"1195","1400000US53053071505",60382,2015
"1196","1400000US53053071506",69951,2015
"1197","1400000US53053071601",40281,2015
"1198","1400000US53053071602",44769,2015
"1199","1400000US53053071703",29032,2015
"1200","1400000US53053071704",31200,2015
"1201","1400000US53053071705",42060,2015
"1202","1400000US53053071706",38631,2015
"1203","1400000US53053071707",42083,2015
"1204","1400000US53053071803",36570,2015
"1205","1400000US53053071805",31369,2015
"1206","1400000US53053071806",23590,2015
"1207","1400000US53053071807",41035,2015
"1208","1400000US53053071808",35320,2015
"1209","1400000US53053071901",48125,2015
"1210","1400000US53053071902",90640,2015
"1211","1400000US53053072000",22886,2015
"1212","1400000US53053072105",73750,2015
"1213","1400000US53053072106",45337,2015
"1214","1400000US53053072107",67909,2015
"1215","1400000US53053072108",55108,2015
"1216","1400000US53053072109",71061,2015
"1217","1400000US53053072111",58426,2015
"1218","1400000US53053072112",54219,2015
"1219","1400000US53053072305",60700,2015
"1220","1400000US53053072307",42267,2015
"1221","1400000US53053072308",73026,2015
"1222","1400000US53053072309",57431,2015
"1223","1400000US53053072310",62888,2015
"1224","1400000US53053072311",45132,2015
"1225","1400000US53053072312",49205,2015
"1226","1400000US53053072313",71968,2015
"1227","1400000US53053072405",98492,2015
"1228","1400000US53053072406",94773,2015
"1229","1400000US53053072407",59952,2015
"1230","1400000US53053072408",76294,2015
"1231","1400000US53053072409",94769,2015
"1232","1400000US53053072410",95208,2015
"1233","1400000US53053072503",71922,2015
"1234","1400000US53053072504",88641,2015
"1235","1400000US53053072505",85463,2015
"1236","1400000US53053072506",72361,2015
"1237","1400000US53053072507",73971,2015
"1238","1400000US53053072601",61034,2015
"1239","1400000US53053072602",53750,2015
"1240","1400000US53053072603",50897,2015
"1241","1400000US53053072800",76080,2015
"1242","1400000US53053072901",47500,2015
"1243","1400000US53053072903",62500,2015
"1244","1400000US53053072905",42327,2015
"1245","1400000US53053072906",101875,2015
"1246","1400000US53053072907",47105,2015
"1247","1400000US53053073001",62324,2015
"1248","1400000US53053073005",47716,2015
"1249","1400000US53053073006",70769,2015
"1250","1400000US53053073108",70373,2015
"1251","1400000US53053073110",93625,2015
"1252","1400000US53053073111",72420,2015
"1253","1400000US53053073113",73333,2015
"1254","1400000US53053073114",60064,2015
"1255","1400000US53053073115",70271,2015
"1256","1400000US53053073116",65091,2015
"1257","1400000US53053073117",61094,2015
"1258","1400000US53053073118",76939,2015
"1259","1400000US53053073119",77083,2015
"1260","1400000US53053073120",54250,2015
"1261","1400000US53053073121",82910,2015
"1262","1400000US53053073122",79375,2015
"1263","1400000US53053073123",91899,2015
"1264","1400000US53053073124",60994,2015
"1265","1400000US53053073125",69302,2015
"1266","1400000US53053073126",75625,2015
"1267","1400000US53053073200",51942,2015
"1268","1400000US53053073301",46331,2015
"1269","1400000US53053073302",60766,2015
"1270","1400000US53053073404",65265,2015
"1271","1400000US53053073405",59147,2015
"1272","1400000US53053073406",64471,2015
"1273","1400000US53053073407",64167,2015
"1274","1400000US53053073408",56360,2015
"1275","1400000US53053073500",81043,2015
"1276","1400000US53053940001",94833,2015
"1277","1400000US53053940002",57112,2015
"1278","1400000US53053940003",63190,2015
"1279","1400000US53053940004",65566,2015
"1280","1400000US53053940005",76464,2015
"1281","1400000US53053940006",18125,2015
"1282","1400000US53053940007",39515,2015
"1283","1400000US53053940008",74550,2015
"1284","1400000US53053940009",68625,2015
"1285","1400000US53053940010",49902,2015
"1286","1400000US53053940011",106912,2015
"1287","1400000US53061040100",77778,2015
"1288","1400000US53061040200",22757,2015
"1289","1400000US53061040300",48750,2015
"1290","1400000US53061040400",47985,2015
"1291","1400000US53061040500",49808,2015
"1292","1400000US53061040700",31616,2015
"1293","1400000US53061040800",45342,2015
"1294","1400000US53061040900",80866,2015
"1295","1400000US53061041000",55163,2015
"1296","1400000US53061041100",50959,2015
"1297","1400000US53061041201",68417,2015
"1298","1400000US53061041202",38219,2015
"1299","1400000US53061041301",90565,2015
"1300","1400000US53061041303",70099,2015
"1301","1400000US53061041304",120486,2015
"1302","1400000US53061041400",56534,2015
"1303","1400000US53061041500",71618,2015
"1304","1400000US53061041601",80030,2015
"1305","1400000US53061041605",84271,2015
"1306","1400000US53061041606",73919,2015
"1307","1400000US53061041607",109537,2015
"1308","1400000US53061041608",95102,2015
"1309","1400000US53061041701",46625,2015
"1310","1400000US53061041703",80000,2015
"1311","1400000US53061041704",71679,2015
"1312","1400000US53061041805",51903,2015
"1313","1400000US53061041806",52113,2015
"1314","1400000US53061041808",44347,2015
"1315","1400000US53061041809",54931,2015
"1316","1400000US53061041810",43041,2015
"1317","1400000US53061041811",62114,2015
"1318","1400000US53061041812",50015,2015
"1319","1400000US53061041901",61821,2015
"1320","1400000US53061041903",42658,2015
"1321","1400000US53061041904",32461,2015
"1322","1400000US53061041905",54716,2015
"1323","1400000US53061042001",100453,2015
"1324","1400000US53061042003",110114,2015
"1325","1400000US53061042004",74550,2015
"1326","1400000US53061042005",133995,2015
"1327","1400000US53061042006",76937,2015
"1328","1400000US53061050101",90885,2015
"1329","1400000US53061050102",61174,2015
"1330","1400000US53061050200",111346,2015
"1331","1400000US53061050300",100571,2015
"1332","1400000US53061050401",76728,2015
"1333","1400000US53061050402",71250,2015
"1334","1400000US53061050500",64078,2015
"1335","1400000US53061050600",140625,2015
"1336","1400000US53061050700",74034,2015
"1337","1400000US53061050800",69903,2015
"1338","1400000US53061050900",49258,2015
"1339","1400000US53061051000",63782,2015
"1340","1400000US53061051100",61547,2015
"1341","1400000US53061051200",62056,2015
"1342","1400000US53061051300",69770,2015
"1343","1400000US53061051400",32071,2015
"1344","1400000US53061051500",51568,2015
"1345","1400000US53061051601",60761,2015
"1346","1400000US53061051602",64410,2015
"1347","1400000US53061051701",43433,2015
"1348","1400000US53061051702",62813,2015
"1349","1400000US53061051802",66607,2015
"1350","1400000US53061051803",44125,2015
"1351","1400000US53061051804",81149,2015
"1352","1400000US53061051905",63056,2015
"1353","1400000US53061051912",97000,2015
"1354","1400000US53061051913",101250,2015
"1355","1400000US53061051914",96972,2015
"1356","1400000US53061051915",99042,2015
"1357","1400000US53061051916",87090,2015
"1358","1400000US53061051917",96250,2015
"1359","1400000US53061051918",95656,2015
"1360","1400000US53061051921",62546,2015
"1361","1400000US53061051922",85521,2015
"1362","1400000US53061051923",86207,2015
"1363","1400000US53061051924",70875,2015
"1364","1400000US53061051925",110495,2015
"1365","1400000US53061051926",111404,2015
"1366","1400000US53061051927",92282,2015
"1367","1400000US53061051928",70385,2015
"1368","1400000US53061052003",112860,2015
"1369","1400000US53061052004",93608,2015
"1370","1400000US53061052005",82640,2015
"1371","1400000US53061052006",96776,2015
"1372","1400000US53061052007",103704,2015
"1373","1400000US53061052104",88333,2015
"1374","1400000US53061052105",89545,2015
"1375","1400000US53061052107",116964,2015
"1376","1400000US53061052108",91190,2015
"1377","1400000US53061052112",113611,2015
"1378","1400000US53061052113",98603,2015
"1379","1400000US53061052114",117440,2015
"1380","1400000US53061052115",97228,2015
"1381","1400000US53061052118",100991,2015
"1382","1400000US53061052203",100606,2015
"1383","1400000US53061052204",95728,2015
"1384","1400000US53061052206",101157,2015
"1385","1400000US53061052207",91932,2015
"1386","1400000US53061052208",53184,2015
"1387","1400000US53061052209",41004,2015
"1388","1400000US53061052301",91046,2015
"1389","1400000US53061052302",90801,2015
"1390","1400000US53061052401",64306,2015
"1391","1400000US53061052402",43767,2015
"1392","1400000US53061052502",71875,2015
"1393","1400000US53061052503",73356,2015
"1394","1400000US53061052504",67267,2015
"1395","1400000US53061052603",70050,2015
"1396","1400000US53061052604",66314,2015
"1397","1400000US53061052605",81157,2015
"1398","1400000US53061052606",68828,2015
"1399","1400000US53061052607",100378,2015
"1400","1400000US53061052701",87083,2015
"1401","1400000US53061052705",95938,2015
"1402","1400000US53061052706",78028,2015
"1403","1400000US53061052707",87580,2015
"1404","1400000US53061052708",98819,2015
"1405","1400000US53061052709",95875,2015
"1406","1400000US53061052803",58471,2015
"1407","1400000US53061052804",68472,2015
"1408","1400000US53061052805",57870,2015
"1409","1400000US53061052806",61370,2015
"1410","1400000US53061052903",40192,2015
"1411","1400000US53061052904",61386,2015
"1412","1400000US53061052905",38264,2015
"1413","1400000US53061052906",53685,2015
"1414","1400000US53061053101",66365,2015
"1415","1400000US53061053102",72824,2015
"1416","1400000US53061053201",73224,2015
"1417","1400000US53061053202",77981,2015
"1418","1400000US53061053301",51866,2015
"1419","1400000US53061053302",85610,2015
"1420","1400000US53061053400",88312,2015
"1421","1400000US53061053504",54188,2015
"1422","1400000US53061053505",84349,2015
"1423","1400000US53061053506",74063,2015
"1424","1400000US53061053507",82670,2015
"1425","1400000US53061053508",70268,2015
"1426","1400000US53061053509",52390,2015
"1427","1400000US53061053602",71489,2015
"1428","1400000US53061053603",78333,2015
"1429","1400000US53061053604",62367,2015
"1430","1400000US53061053700",50764,2015
"1431","1400000US53061053801",60625,2015
"1432","1400000US53061053802",57407,2015
"1433","1400000US53061053803",61919,2015
"1434","1400000US53061940001",68250,2015
"1435","1400000US53061940002",60497,2015
"1436","1400000US53033000101",1749,2020
"1437","1400000US53033000102",2209,2020
"1438","1400000US53033000201",2354,2020
"1439","1400000US53033000202",1548,2020
"1440","1400000US53033000300",1153,2020
"1441","1400000US53033000402",2804,2020
"1442","1400000US53033000403",1750,2020
"1443","1400000US53033000404",2387,2020
"1444","1400000US53033000500",1274,2020
"1445","1400000US53033000601",1903,2020
"1446","1400000US53033000602",1515,2020
"1447","1400000US53033000700",2329,2020
"1448","1400000US53033000800",1196,2020
"1449","1400000US53033000900",933,2020
"1450","1400000US53033001000",739,2020
"1451","1400000US53033001100",1075,2020
"1452","1400000US53033001201",2365,2020
"1453","1400000US53033001202",1428,2020
"1454","1400000US53033001300",2451,2020
"1455","1400000US53033001400",2455,2020
"1456","1400000US53033001500",1149,2020
"1457","1400000US53033001600",1913,2020
"1458","1400000US53033001701",2163,2020
"1459","1400000US53033001702",2301,2020
"1460","1400000US53033001800",2317,2020
"1461","1400000US53033001900",2307,2020
"1462","1400000US53033002000",1545,2020
"1463","1400000US53033002100",1858,2020
"1464","1400000US53033002200",2384,2020
"1465","1400000US53033002400",1427,2020
"1466","1400000US53033002500",1375,2020
"1467","1400000US53033002600",1976,2020
"1468","1400000US53033002700",2450,2020
"1469","1400000US53033002800",2368,2020
"1470","1400000US53033002900",2139,2020
"1471","1400000US53033003000",2802,2020
"1472","1400000US53033003100",2789,2020
"1473","1400000US53033003201",2533,2020
"1474","1400000US53033003202",2177,2020
"1475","1400000US53033003301",2112,2020
"1476","1400000US53033003302",1631,2020
"1477","1400000US53033003400",1577,2020
"1478","1400000US53033003500",1939,2020
"1479","1400000US53033003601",2270,2020
"1480","1400000US53033003602",2662,2020
"1481","1400000US53033003800",988,2020
"1482","1400000US53033003900",1196,2020
"1483","1400000US53033004000",1424,2020
"1484","1400000US53033004101",1451,2020
"1485","1400000US53033004102",1650,2020
"1486","1400000US53033004201",1484,2020
"1487","1400000US53033004202",1850,2020
"1488","1400000US53033004301",1403,2020
"1489","1400000US53033004302",1547,2020
"1490","1400000US53033004401",1279,2020
"1491","1400000US53033004402",1701,2020
"1492","1400000US53033004500",1049,2020
"1493","1400000US53033004600",1401,2020
"1494","1400000US53033004701",2159,2020
"1495","1400000US53033004702",2089,2020
"1496","1400000US53033004703",2015,2020
"1497","1400000US53033004800",2536,2020
"1498","1400000US53033004901",2132,2020
"1499","1400000US53033004902",1901,2020
"1500","1400000US53033005000",2425,2020
"1501","1400000US53033005100",1613,2020
"1502","1400000US53033005201",1626,2020
"1503","1400000US53033005202",1564,2020
"1504","1400000US53033005303",36,2020
"1505","1400000US53033005304",148,2020
"1506","1400000US53033005305",1346,2020
"1507","1400000US53033005306",1704,2020
"1508","1400000US53033005307",373,2020
"1509","1400000US53033005401",2073,2020
"1510","1400000US53033005402",1730,2020
"1511","1400000US53033005600",2847,2020
"1512","1400000US53033005700",3045,2020
"1513","1400000US53033005801",3202,2020
"1514","1400000US53033005803",1434,2020
"1515","1400000US53033005804",1584,2020
"1516","1400000US53033005901",1318,2020
"1517","1400000US53033005902",1769,2020
"1518","1400000US53033006000",3103,2020
"1519","1400000US53033006100",3131,2020
"1520","1400000US53033006200",1694,2020
"1521","1400000US53033006300",2807,2020
"1522","1400000US53033006400",1509,2020
"1523","1400000US53033006500",2640,2020
"1524","1400000US53033006600",2422,2020
"1525","1400000US53033006701",1777,2020
"1526","1400000US53033006702",2058,2020
"1527","1400000US53033006703",2123,2020
"1528","1400000US53033006800",1531,2020
"1529","1400000US53033006900",2245,2020
"1530","1400000US53033007001",2971,2020
"1531","1400000US53033007002",2377,2020
"1532","1400000US53033007101",1893,2020
"1533","1400000US53033007102",1708,2020
"1534","1400000US53033007201",3611,2020
"1535","1400000US53033007202",1726,2020
"1536","1400000US53033007203",1924,2020
"1537","1400000US53033007301",1860,2020
"1538","1400000US53033007302",2819,2020
"1539","1400000US53033007303",1591,2020
"1540","1400000US53033007403",2199,2020
"1541","1400000US53033007404",1912,2020
"1542","1400000US53033007405",2070,2020
"1543","1400000US53033007406",1910,2020
"1544","1400000US53033007501",3215,2020
"1545","1400000US53033007502",1960,2020
"1546","1400000US53033007503",1714,2020
"1547","1400000US53033007600",2304,2020
"1548","1400000US53033007700",2574,2020
"1549","1400000US53033007800",2316,2020
"1550","1400000US53033007901",1961,2020
"1551","1400000US53033007902",1980,2020
"1552","1400000US53033008002",2805,2020
"1553","1400000US53033008003",2888,2020
"1554","1400000US53033008004",2268,2020
"1555","1400000US53033008101",1866,2020
"1556","1400000US53033008102",1356,2020
"1557","1400000US53033008200",2970,2020
"1558","1400000US53033008300",2080,2020
"1559","1400000US53033008401",1995,2020
"1560","1400000US53033008402",2138,2020
"1561","1400000US53033008500",1867,2020
"1562","1400000US53033008600",2860,2020
"1563","1400000US53033008700",1857,2020
"1564","1400000US53033008800",1747,2020
"1565","1400000US53033008900",2583,2020
"1566","1400000US53033009000",2010,2020
"1567","1400000US53033009100",1819,2020
"1568","1400000US53033009200",1921,2020
"1569","1400000US53033009300",1610,2020
"1570","1400000US53033009400",3092,2020
"1571","1400000US53033009500",2917,2020
"1572","1400000US53033009600",2823,2020
"1573","1400000US53033009701",2941,2020
"1574","1400000US53033009702",2217,2020
"1575","1400000US53033009801",1588,2020
"1576","1400000US53033009802",1860,2020
"1577","1400000US53033009900",3130,2020
"1578","1400000US53033010001",1671,2020
"1579","1400000US53033010002",1998,2020
"1580","1400000US53033010101",1627,2020
"1581","1400000US53033010102",1707,2020
"1582","1400000US53033010200",1981,2020
"1583","1400000US53033010301",1482,2020
"1584","1400000US53033010302",1622,2020
"1585","1400000US53033010401",1445,2020
"1586","1400000US53033010402",1592,2020
"1587","1400000US53033010501",2027,2020
"1588","1400000US53033010502",3024,2020
"1589","1400000US53033010601",1957,2020
"1590","1400000US53033010602",2103,2020
"1591","1400000US53033010701",1836,2020
"1592","1400000US53033010702",1777,2020
"1593","1400000US53033010800",1941,2020
"1594","1400000US53033010900",609,2020
"1595","1400000US53033011001",1783,2020
"1596","1400000US53033011002",1307,2020
"1597","1400000US53033011101",2050,2020
"1598","1400000US53033011102",1896,2020
"1599","1400000US53033011200",1488,2020
"1600","1400000US53033011300",3015,2020
"1601","1400000US53033011401",1796,2020
"1602","1400000US53033011402",1955,2020
"1603","1400000US53033011500",2055,2020
"1604","1400000US53033011601",1405,2020
"1605","1400000US53033011602",1600,2020
"1606","1400000US53033011700",1675,2020
"1607","1400000US53033011801",1145,2020
"1608","1400000US53033011802",1920,2020
"1609","1400000US53033011901",1399,2020
"1610","1400000US53033011902",1287,2020
"1611","1400000US53033012000",1529,2020
"1612","1400000US53033012100",1177,2020
"1613","1400000US53033020100",1298,2020
"1614","1400000US53033020200",2242,2020
"1615","1400000US53033020301",1565,2020
"1616","1400000US53033020302",1393,2020
"1617","1400000US53033020401",1432,2020
"1618","1400000US53033020402",2094,2020
"1619","1400000US53033020500",2860,2020
"1620","1400000US53033020600",1170,2020
"1621","1400000US53033020700",1549,2020
"1622","1400000US53033020800",1748,2020
"1623","1400000US53033020900",1315,2020
"1624","1400000US53033021000",2118,2020
"1625","1400000US53033021100",1625,2020
"1626","1400000US53033021300",1758,2020
"1627","1400000US53033021400",1473,2020
"1628","1400000US53033021500",1635,2020
"1629","1400000US53033021600",2089,2020
"1630","1400000US53033021701",1487,2020
"1631","1400000US53033021702",2424,2020
"1632","1400000US53033021802",2281,2020
"1633","1400000US53033021803",2310,2020
"1634","1400000US53033021804",2101,2020
"1635","1400000US53033021903",2553,2020
"1636","1400000US53033021904",1854,2020
"1637","1400000US53033021905",2187,2020
"1638","1400000US53033021906",1800,2020
"1639","1400000US53033022001",2236,2020
"1640","1400000US53033022003",2058,2020
"1641","1400000US53033022005",2129,2020
"1642","1400000US53033022006",1843,2020
"1643","1400000US53033022101",1999,2020
"1644","1400000US53033022102",2338,2020
"1645","1400000US53033022201",1737,2020
"1646","1400000US53033022203",1999,2020
"1647","1400000US53033022204",1282,2020
"1648","1400000US53033022205",2048,2020
"1649","1400000US53033022300",1055,2020
"1650","1400000US53033022401",1434,2020
"1651","1400000US53033022402",2564,2020
"1652","1400000US53033022501",1678,2020
"1653","1400000US53033022502",2194,2020
"1654","1400000US53033022603",2506,2020
"1655","1400000US53033022604",1839,2020
"1656","1400000US53033022605",2780,2020
"1657","1400000US53033022606",2259,2020
"1658","1400000US53033022701",1743,2020
"1659","1400000US53033022702",1302,2020
"1660","1400000US53033022703",1088,2020
"1661","1400000US53033022802",2191,2020
"1662","1400000US53033022803",2864,2020
"1663","1400000US53033022804",2305,2020
"1664","1400000US53033022805",1679,2020
"1665","1400000US53033022901",1126,2020
"1666","1400000US53033022902",2462,2020
"1667","1400000US53033023000",2484,2020
"1668","1400000US53033023100",1453,2020
"1669","1400000US53033023201",2461,2020
"1670","1400000US53033023202",1858,2020
"1671","1400000US53033023300",2431,2020
"1672","1400000US53033023401",1628,2020
"1673","1400000US53033023403",1444,2020
"1674","1400000US53033023404",1320,2020
"1675","1400000US53033023500",1483,2020
"1676","1400000US53033023601",1949,2020
"1677","1400000US53033023603",2700,2020
"1678","1400000US53033023604",2571,2020
"1679","1400000US53033023701",1885,2020
"1680","1400000US53033023702",185,2020
"1681","1400000US53033023801",1404,2020
"1682","1400000US53033023805",1785,2020
"1683","1400000US53033023806",1957,2020
"1684","1400000US53033023807",3320,2020
"1685","1400000US53033023808",1527,2020
"1686","1400000US53033023901",1685,2020
"1687","1400000US53033023902",1022,2020
"1688","1400000US53033024001",1570,2020
"1689","1400000US53033024002",1578,2020
"1690","1400000US53033024100",1834,2020
"1691","1400000US53033024200",1213,2020
"1692","1400000US53033024301",2577,2020
"1693","1400000US53033024302",1568,2020
"1694","1400000US53033024400",1280,2020
"1695","1400000US53033024500",1742,2020
"1696","1400000US53033024601",1694,2020
"1697","1400000US53033024602",1267,2020
"1698","1400000US53033024701",1315,2020
"1699","1400000US53033024703",1483,2020
"1700","1400000US53033024704",1468,2020
"1701","1400000US53033024800",2143,2020
"1702","1400000US53033024901",1679,2020
"1703","1400000US53033024902",1317,2020
"1704","1400000US53033024904",1016,2020
"1705","1400000US53033024905",1293,2020
"1706","1400000US53033025001",2390,2020
"1707","1400000US53033025005",2138,2020
"1708","1400000US53033025006",2561,2020
"1709","1400000US53033025007",1689,2020
"1710","1400000US53033025008",809,2020
"1711","1400000US53033025101",2142,2020
"1712","1400000US53033025103",1516,2020
"1713","1400000US53033025104",1365,2020
"1714","1400000US53033025201",1576,2020
"1715","1400000US53033025202",1821,2020
"1716","1400000US53033025302",2640,2020
"1717","1400000US53033025303",1327,2020
"1718","1400000US53033025304",1666,2020
"1719","1400000US53033025401",1647,2020
"1720","1400000US53033025402",1448,2020
"1721","1400000US53033025500",1979,2020
"1722","1400000US53033025601",1793,2020
"1723","1400000US53033025602",2121,2020
"1724","1400000US53033025702",1126,2020
"1725","1400000US53033025703",1594,2020
"1726","1400000US53033025704",1298,2020
"1727","1400000US53033025803",1703,2020
"1728","1400000US53033025804",1215,2020
"1729","1400000US53033025805",2153,2020
"1730","1400000US53033025806",1796,2020
"1731","1400000US53033026001",2202,2020
"1732","1400000US53033026003",1364,2020
"1733","1400000US53033026004",1485,2020
"1734","1400000US53033026101",1611,2020
"1735","1400000US53033026102",1484,2020
"1736","1400000US53033026200",2476,2020
"1737","1400000US53033026300",517,2020
"1738","1400000US53033026400",2321,2020
"1739","1400000US53033026500",1502,2020
"1740","1400000US53033026600",896,2020
"1741","1400000US53033026700",1874,2020
"1742","1400000US53033026801",2315,2020
"1743","1400000US53033026802",1998,2020
"1744","1400000US53033027000",1195,2020
"1745","1400000US53033027100",1395,2020
"1746","1400000US53033027200",835,2020
"1747","1400000US53033027300",1746,2020
"1748","1400000US53033027400",1762,2020
"1749","1400000US53033027500",1841,2020
"1750","1400000US53033027600",1610,2020
"1751","1400000US53033027701",2368,2020
"1752","1400000US53033027702",2297,2020
"1753","1400000US53033027800",1375,2020
"1754","1400000US53033027901",1669,2020
"1755","1400000US53033027902",1803,2020
"1756","1400000US53033028000",1750,2020
"1757","1400000US53033028100",876,2020
"1758","1400000US53033028200",1965,2020
"1759","1400000US53033028300",2120,2020
"1760","1400000US53033028402",1993,2020
"1761","1400000US53033028403",2329,2020
"1762","1400000US53033028500",1719,2020
"1763","1400000US53033028600",2796,2020
"1764","1400000US53033028700",1736,2020
"1765","1400000US53033028801",914,2020
"1766","1400000US53033028802",2341,2020
"1767","1400000US53033028901",1670,2020
"1768","1400000US53033028902",2527,2020
"1769","1400000US53033029001",1954,2020
"1770","1400000US53033029003",2198,2020
"1771","1400000US53033029004",1312,2020
"1772","1400000US53033029101",1194,2020
"1773","1400000US53033029102",1502,2020
"1774","1400000US53033029203",1465,2020
"1775","1400000US53033029205",2098,2020
"1776","1400000US53033029206",2064,2020
"1777","1400000US53033029207",868,2020
"1778","1400000US53033029208",1630,2020
"1779","1400000US53033029304",1837,2020
"1780","1400000US53033029305",1351,2020
"1781","1400000US53033029306",1214,2020
"1782","1400000US53033029307",1355,2020
"1783","1400000US53033029308",1305,2020
"1784","1400000US53033029309",1784,2020
"1785","1400000US53033029403",2115,2020
"1786","1400000US53033029405",1806,2020
"1787","1400000US53033029406",1511,2020
"1788","1400000US53033029407",1577,2020
"1789","1400000US53033029408",1583,2020
"1790","1400000US53033029504",2214,2020
"1791","1400000US53033029505",1389,2020
"1792","1400000US53033029506",1684,2020
"1793","1400000US53033029507",948,2020
"1794","1400000US53033029508",1166,2020
"1795","1400000US53033029602",2055,2020
"1796","1400000US53033029603",1206,2020
"1797","1400000US53033029604",1010,2020
"1798","1400000US53033029701",1860,2020
"1799","1400000US53033029702",1088,2020
"1800","1400000US53033029803",1340,2020
"1801","1400000US53033029804",1529,2020
"1802","1400000US53033029805",1498,2020
"1803","1400000US53033029806",1971,2020
"1804","1400000US53033029901",1509,2020
"1805","1400000US53033029902",1588,2020
"1806","1400000US53033030003",2514,2020
"1807","1400000US53033030005",1770,2020
"1808","1400000US53033030006",1574,2020
"1809","1400000US53033030007",1281,2020
"1810","1400000US53033030008",1742,2020
"1811","1400000US53033030101",1368,2020
"1812","1400000US53033030102",1608,2020
"1813","1400000US53033030201",1925,2020
"1814","1400000US53033030203",1276,2020
"1815","1400000US53033030204",1348,2020
"1816","1400000US53033030304",1328,2020
"1817","1400000US53033030305",1953,2020
"1818","1400000US53033030306",1800,2020
"1819","1400000US53033030308",2098,2020
"1820","1400000US53033030309",2380,2020
"1821","1400000US53033030310",2263,2020
"1822","1400000US53033030311",1518,2020
"1823","1400000US53033030312",1815,2020
"1824","1400000US53033030313",2022,2020
"1825","1400000US53033030314",2381,2020
"1826","1400000US53033030403",1807,2020
"1827","1400000US53033030404",1523,2020
"1828","1400000US53033030405",1214,2020
"1829","1400000US53033030406",1106,2020
"1830","1400000US53033030407",906,2020
"1831","1400000US53033030501",1136,2020
"1832","1400000US53033030503",2056,2020
"1833","1400000US53033030504",1954,2020
"1834","1400000US53033030600",2181,2020
"1835","1400000US53033030700",1671,2020
"1836","1400000US53033030801",2156,2020
"1837","1400000US53033030802",1365,2020
"1838","1400000US53033030901",1145,2020
"1839","1400000US53033030902",2092,2020
"1840","1400000US53033031000",1684,2020
"1841","1400000US53033031101",1506,2020
"1842","1400000US53033031102",1320,2020
"1843","1400000US53033031202",2034,2020
"1844","1400000US53033031204",2300,2020
"1845","1400000US53033031206",1862,2020
"1846","1400000US53033031207",1290,2020
"1847","1400000US53033031208",1414,2020
"1848","1400000US53033031301",860,2020
"1849","1400000US53033031302",1855,2020
"1850","1400000US53033031400",2460,2020
"1851","1400000US53033031501",1446,2020
"1852","1400000US53033031502",2002,2020
"1853","1400000US53033031601",2027,2020
"1854","1400000US53033031603",2459,2020
"1855","1400000US53033031604",1767,2020
"1856","1400000US53033031605",1609,2020
"1857","1400000US53033031704",1901,2020
"1858","1400000US53033031705",1386,2020
"1859","1400000US53033031707",1019,2020
"1860","1400000US53033031708",1514,2020
"1861","1400000US53033031709",1251,2020
"1862","1400000US53033031710",1579,2020
"1863","1400000US53033031800",1668,2020
"1864","1400000US53033031904",1257,2020
"1865","1400000US53033031906",1309,2020
"1866","1400000US53033031908",1851,2020
"1867","1400000US53033031909",1295,2020
"1868","1400000US53033031910",1652,2020
"1869","1400000US53033031911",1375,2020
"1870","1400000US53033031912",1415,2020
"1871","1400000US53033031913",1227,2020
"1872","1400000US53033032002",1187,2020
"1873","1400000US53033032003",2030,2020
"1874","1400000US53033032005",2578,2020
"1875","1400000US53033032006",1981,2020
"1876","1400000US53033032007",1171,2020
"1877","1400000US53033032008",1575,2020
"1878","1400000US53033032010",2330,2020
"1879","1400000US53033032011",1461,2020
"1880","1400000US53033032102",1919,2020
"1881","1400000US53033032103",2375,2020
"1882","1400000US53033032104",2491,2020
"1883","1400000US53033032207",1300,2020
"1884","1400000US53033032211",1648,2020
"1885","1400000US53033032213",1586,2020
"1886","1400000US53033032215",1633,2020
"1887","1400000US53033032216",1568,2020
"1888","1400000US53033032217",1409,2020
"1889","1400000US53033032218",2272,2020
"1890","1400000US53033032219",1887,2020
"1891","1400000US53033032220",3755,2020
"1892","1400000US53033032221",2294,2020
"1893","1400000US53033032222",1682,2020
"1894","1400000US53033032223",1287,2020
"1895","1400000US53033032224",801,2020
"1896","1400000US53033032225",1153,2020
"1897","1400000US53033032307",2264,2020
"1898","1400000US53033032311",2069,2020
"1899","1400000US53033032313",2419,2020
"1900","1400000US53033032315",2025,2020
"1901","1400000US53033032316",1926,2020
"1902","1400000US53033032317",2288,2020
"1903","1400000US53033032318",2139,2020
"1904","1400000US53033032319",2960,2020
"1905","1400000US53033032320",1659,2020
"1906","1400000US53033032321",2273,2020
"1907","1400000US53033032322",1114,2020
"1908","1400000US53033032323",2185,2020
"1909","1400000US53033032324",2362,2020
"1910","1400000US53033032325",2353,2020
"1911","1400000US53033032326",1348,2020
"1912","1400000US53033032327",2190,2020
"1913","1400000US53033032328",1115,2020
"1914","1400000US53033032330",2203,2020
"1915","1400000US53033032331",2614,2020
"1916","1400000US53033032332",2056,2020
"1917","1400000US53033032333",1197,2020
"1918","1400000US53033032401",2094,2020
"1919","1400000US53033032402",2565,2020
"1920","1400000US53033032500",2076,2020
"1921","1400000US53033032601",1001,2020
"1922","1400000US53033032603",1510,2020
"1923","1400000US53033032604",1914,2020
"1924","1400000US53033032605",1332,2020
"1925","1400000US53033032703",789,2020
"1926","1400000US53033032704",2841,2020
"1927","1400000US53033032705",1334,2020
"1928","1400000US53033032706",1137,2020
"1929","1400000US53033032800",1213,2020
"1930","1400000US53033990100",0,2020
"1931","1400000US53053060200",633,2020
"1932","1400000US53053060300",2331,2020
"1933","1400000US53053060400",1763,2020
"1934","1400000US53053060500",1536,2020
"1935","1400000US53053060600",2841,2020
"1936","1400000US53053060700",2379,2020
"1937","1400000US53053060800",2481,2020
"1938","1400000US53053060903",1422,2020
"1939","1400000US53053060904",2216,2020
"1940","1400000US53053060906",901,2020
"1941","1400000US53053060907",1852,2020
"1942","1400000US53053060908",1210,2020
"1943","1400000US53053061001",1859,2020
"1944","1400000US53053061002",2328,2020
"1945","1400000US53053061100",2579,2020
"1946","1400000US53053061200",2397,2020
"1947","1400000US53053061300",1893,2020
"1948","1400000US53053061400",1293,2020
"1949","1400000US53053061501",1556,2020
"1950","1400000US53053061502",1668,2020
"1951","1400000US53053061601",1265,2020
"1952","1400000US53053061602",436,2020
"1953","1400000US53053061700",1920,2020
"1954","1400000US53053061800",1142,2020
"1955","1400000US53053061900",805,2020
"1956","1400000US53053062000",1850,2020
"1957","1400000US53053062300",2145,2020
"1958","1400000US53053062400",2413,2020
"1959","1400000US53053062501",1730,2020
"1960","1400000US53053062502",1322,2020
"1961","1400000US53053062600",1926,2020
"1962","1400000US53053062801",3035,2020
"1963","1400000US53053062802",1389,2020
"1964","1400000US53053062901",1839,2020
"1965","1400000US53053062902",1574,2020
"1966","1400000US53053063000",1520,2020
"1967","1400000US53053063100",1607,2020
"1968","1400000US53053063200",1797,2020
"1969","1400000US53053063301",1296,2020
"1970","1400000US53053063302",1418,2020
"1971","1400000US53053063401",1849,2020
"1972","1400000US53053063402",1253,2020
"1973","1400000US53053063501",1576,2020
"1974","1400000US53053063502",1715,2020
"1975","1400000US53053070100",1386,2020
"1976","1400000US53053070204",1288,2020
"1977","1400000US53053070205",1153,2020
"1978","1400000US53053070206",1569,2020
"1979","1400000US53053070207",2158,2020
"1980","1400000US53053070208",1728,2020
"1981","1400000US53053070209",1232,2020
"1982","1400000US53053070307",2004,2020
"1983","1400000US53053070308",1440,2020
"1984","1400000US53053070309",2149,2020
"1985","1400000US53053070310",1914,2020
"1986","1400000US53053070311",1882,2020
"1987","1400000US53053070312",2103,2020
"1988","1400000US53053070313",2291,2020
"1989","1400000US53053070314",1092,2020
"1990","1400000US53053070315",2253,2020
"1991","1400000US53053070316",2305,2020
"1992","1400000US53053070401",779,2020
"1993","1400000US53053070403",1448,2020
"1994","1400000US53053070404",1693,2020
"1995","1400000US53053070703",2376,2020
"1996","1400000US53053071100",1043,2020
"1997","1400000US53053071205",1758,2020
"1998","1400000US53053071206",2382,2020
"1999","1400000US53053071207",2466,2020
"2000","1400000US53053071209",1409,2020
"2001","1400000US53053071210",1940,2020
"2002","1400000US53053071211",2040,2020
"2003","1400000US53053071212",1234,2020
"2004","1400000US53053071304",2467,2020
"2005","1400000US53053071305",1349,2020
"2006","1400000US53053071306",2400,2020
"2007","1400000US53053071307",1903,2020
"2008","1400000US53053071309",1497,2020
"2009","1400000US53053071310",2499,2020
"2010","1400000US53053071403",1447,2020
"2011","1400000US53053071408",1310,2020
"2012","1400000US53053071409",1773,2020
"2013","1400000US53053071411",2203,2020
"2014","1400000US53053071412",1876,2020
"2015","1400000US53053071413",732,2020
"2016","1400000US53053071414",1313,2020
"2017","1400000US53053071415",1045,2020
"2018","1400000US53053071416",861,2020
"2019","1400000US53053071417",1878,2020
"2020","1400000US53053071503",2265,2020
"2021","1400000US53053071504",1675,2020
"2022","1400000US53053071505",2021,2020
"2023","1400000US53053071506",2282,2020
"2024","1400000US53053071601",1662,2020
"2025","1400000US53053071603",1259,2020
"2026","1400000US53053071604",1915,2020
"2027","1400000US53053071703",1487,2020
"2028","1400000US53053071704",1834,2020
"2029","1400000US53053071705",1408,2020
"2030","1400000US53053071706",747,2020
"2031","1400000US53053071707",988,2020
"2032","1400000US53053071803",2520,2020
"2033","1400000US53053071805",1500,2020
"2034","1400000US53053071806",1695,2020
"2035","1400000US53053071807",1487,2020
"2036","1400000US53053071808",1683,2020
"2037","1400000US53053071901",2350,2020
"2038","1400000US53053071902",2053,2020
"2039","1400000US53053072000",2188,2020
"2040","1400000US53053072105",1946,2020
"2041","1400000US53053072106",2748,2020
"2042","1400000US53053072107",1771,2020
"2043","1400000US53053072108",1959,2020
"2044","1400000US53053072109",1520,2020
"2045","1400000US53053072111",1022,2020
"2046","1400000US53053072112",1844,2020
"2047","1400000US53053072305",2547,2020
"2048","1400000US53053072307",1990,2020
"2049","1400000US53053072309",2386,2020
"2050","1400000US53053072310",1661,2020
"2051","1400000US53053072311",2260,2020
"2052","1400000US53053072312",2499,2020
"2053","1400000US53053072313",1511,2020
"2054","1400000US53053072314",1742,2020
"2055","1400000US53053072315",1053,2020
"2056","1400000US53053072405",1528,2020
"2057","1400000US53053072406",2598,2020
"2058","1400000US53053072407",2126,2020
"2059","1400000US53053072408",2396,2020
"2060","1400000US53053072409",950,2020
"2061","1400000US53053072410",1368,2020
"2062","1400000US53053072503",1736,2020
"2063","1400000US53053072504",1397,2020
"2064","1400000US53053072506",1569,2020
"2065","1400000US53053072507",1577,2020
"2066","1400000US53053072508",1626,2020
"2067","1400000US53053072509",1925,2020
"2068","1400000US53053072601",1932,2020
"2069","1400000US53053072602",1528,2020
"2070","1400000US53053072603",2788,2020
"2071","1400000US53053072801",1666,2020
"2072","1400000US53053072802",2240,2020
"2073","1400000US53053072901",870,2020
"2074","1400000US53053072903",1064,2020
"2075","1400000US53053072907",1306,2020
"2076","1400000US53053072908",2005,2020
"2077","1400000US53053072909",3,2020
"2078","1400000US53053073001",2630,2020
"2079","1400000US53053073005",1767,2020
"2080","1400000US53053073006",1528,2020
"2081","1400000US53053073110",1421,2020
"2082","1400000US53053073111",1605,2020
"2083","1400000US53053073114",1849,2020
"2084","1400000US53053073115",1597,2020
"2085","1400000US53053073116",1515,2020
"2086","1400000US53053073117",1308,2020
"2087","1400000US53053073118",1802,2020
"2088","1400000US53053073119",1135,2020
"2089","1400000US53053073120",1616,2020
"2090","1400000US53053073121",1581,2020
"2091","1400000US53053073122",1746,2020
"2092","1400000US53053073123",1594,2020
"2093","1400000US53053073124",1672,2020
"2094","1400000US53053073126",1195,2020
"2095","1400000US53053073127",960,2020
"2096","1400000US53053073128",2001,2020
"2097","1400000US53053073129",1360,2020
"2098","1400000US53053073130",1209,2020
"2099","1400000US53053073131",1177,2020
"2100","1400000US53053073132",1412,2020
"2101","1400000US53053073133",1231,2020
"2102","1400000US53053073200",2411,2020
"2103","1400000US53053073301",2407,2020
"2104","1400000US53053073302",1854,2020
"2105","1400000US53053073404",2351,2020
"2106","1400000US53053073405",1510,2020
"2107","1400000US53053073406",2510,2020
"2108","1400000US53053073407",1445,2020
"2109","1400000US53053073408",1692,2020
"2110","1400000US53053073501",1457,2020
"2111","1400000US53053073502",1724,2020
"2112","1400000US53053940001",1028,2020
"2113","1400000US53053940002",1438,2020
"2114","1400000US53053940004",2543,2020
"2115","1400000US53053940005",2119,2020
"2116","1400000US53053940006",1244,2020
"2117","1400000US53053940007",1049,2020
"2118","1400000US53053940008",2532,2020
"2119","1400000US53053940009",1397,2020
"2120","1400000US53053940010",2085,2020
"2121","1400000US53053940011",1645,2020
"2122","1400000US53053940012",1768,2020
"2123","1400000US53053940013",1175,2020
"2124","1400000US53061040100",1615,2020
"2125","1400000US53061040200",2528,2020
"2126","1400000US53061040300",1313,2020
"2127","1400000US53061040400",1979,2020
"2128","1400000US53061040500",930,2020
"2129","1400000US53061040700",2013,2020
"2130","1400000US53061040800",1545,2020
"2131","1400000US53061040900",1109,2020
"2132","1400000US53061041000",2252,2020
"2133","1400000US53061041100",2089,2020
"2134","1400000US53061041201",1128,2020
"2135","1400000US53061041202",2171,2020
"2136","1400000US53061041301",2217,2020
"2137","1400000US53061041303",1832,2020
"2138","1400000US53061041304",1091,2020
"2139","1400000US53061041400",2463,2020
"2140","1400000US53061041500",573,2020
"2141","1400000US53061041601",2163,2020
"2142","1400000US53061041605",1981,2020
"2143","1400000US53061041606",2078,2020
"2144","1400000US53061041607",1114,2020
"2145","1400000US53061041609",1505,2020
"2146","1400000US53061041610",1237,2020
"2147","1400000US53061041701",2546,2020
"2148","1400000US53061041703",2357,2020
"2149","1400000US53061041704",2688,2020
"2150","1400000US53061041805",2303,2020
"2151","1400000US53061041808",1748,2020
"2152","1400000US53061041809",2071,2020
"2153","1400000US53061041810",2406,2020
"2154","1400000US53061041812",2541,2020
"2155","1400000US53061041813",1585,2020
"2156","1400000US53061041814",1940,2020
"2157","1400000US53061041815",1368,2020
"2158","1400000US53061041816",1550,2020
"2159","1400000US53061041901",2022,2020
"2160","1400000US53061041904",2425,2020
"2161","1400000US53061041905",2271,2020
"2162","1400000US53061041906",1346,2020
"2163","1400000US53061041907",1440,2020
"2164","1400000US53061042001",2244,2020
"2165","1400000US53061042003",1179,2020
"2166","1400000US53061042004",1762,2020
"2167","1400000US53061042005",1885,2020
"2168","1400000US53061042006",2247,2020
"2169","1400000US53061050101",1004,2020
"2170","1400000US53061050102",2590,2020
"2171","1400000US53061050200",1565,2020
"2172","1400000US53061050300",2021,2020
"2173","1400000US53061050402",2379,2020
"2174","1400000US53061050403",1244,2020
"2175","1400000US53061050404",1642,2020
"2176","1400000US53061050501",1925,2020
"2177","1400000US53061050502",1873,2020
"2178","1400000US53061050600",411,2020
"2179","1400000US53061050700",2597,2020
"2180","1400000US53061050800",2635,2020
"2181","1400000US53061050900",1591,2020
"2182","1400000US53061051000",1825,2020
"2183","1400000US53061051100",1780,2020
"2184","1400000US53061051200",1816,2020
"2185","1400000US53061051301",1336,2020
"2186","1400000US53061051302",1528,2020
"2187","1400000US53061051401",1817,2020
"2188","1400000US53061051402",1630,2020
"2189","1400000US53061051500",2374,2020
"2190","1400000US53061051601",1706,2020
"2191","1400000US53061051602",1565,2020
"2192","1400000US53061051701",2418,2020
"2193","1400000US53061051702",1725,2020
"2194","1400000US53061051802",2577,2020
"2195","1400000US53061051803",3060,2020
"2196","1400000US53061051804",2344,2020
"2197","1400000US53061051912",794,2020
"2198","1400000US53061051913",1543,2020
"2199","1400000US53061051914",1659,2020
"2200","1400000US53061051916",1440,2020
"2201","1400000US53061051917",1618,2020
"2202","1400000US53061051918",2246,2020
"2203","1400000US53061051921",1817,2020
"2204","1400000US53061051922",1846,2020
"2205","1400000US53061051926",1902,2020
"2206","1400000US53061051927",1789,2020
"2207","1400000US53061051928",2164,2020
"2208","1400000US53061051929",1510,2020
"2209","1400000US53061051930",1673,2020
"2210","1400000US53061051931",1229,2020
"2211","1400000US53061051932",1500,2020
"2212","1400000US53061051933",1510,2020
"2213","1400000US53061051934",1276,2020
"2214","1400000US53061051935",1128,2020
"2215","1400000US53061051936",1753,2020
"2216","1400000US53061051937",1579,2020
"2217","1400000US53061051938",1612,2020
"2218","1400000US53061052004",2346,2020
"2219","1400000US53061052005",2440,2020
"2220","1400000US53061052006",1317,2020
"2221","1400000US53061052007",1727,2020
"2222","1400000US53061052008",1594,2020
"2223","1400000US53061052009",1180,2020
"2224","1400000US53061052010",1299,2020
"2225","1400000US53061052104",1328,2020
"2226","1400000US53061052105",669,2020
"2227","1400000US53061052107",2690,2020
"2228","1400000US53061052108",2008,2020
"2229","1400000US53061052112",900,2020
"2230","1400000US53061052113",1040,2020
"2231","1400000US53061052114",1527,2020
"2232","1400000US53061052119",974,2020
"2233","1400000US53061052120",1248,2020
"2234","1400000US53061052121",1219,2020
"2235","1400000US53061052122",1313,2020
"2236","1400000US53061052203",2004,2020
"2237","1400000US53061052204",1658,2020
"2238","1400000US53061052206",1740,2020
"2239","1400000US53061052207",1960,2020
"2240","1400000US53061052208",1481,2020
"2241","1400000US53061052210",812,2020
"2242","1400000US53061052211",177,2020
"2243","1400000US53061052301",1674,2020
"2244","1400000US53061052302",1744,2020
"2245","1400000US53061052401",1723,2020
"2246","1400000US53061052402",1944,2020
"2247","1400000US53061052502",1883,2020
"2248","1400000US53061052504",954,2020
"2249","1400000US53061052505",1489,2020
"2250","1400000US53061052506",1703,2020
"2251","1400000US53061052603",933,2020
"2252","1400000US53061052604",1882,2020
"2253","1400000US53061052605",1933,2020
"2254","1400000US53061052606",1883,2020
"2255","1400000US53061052607",1941,2020
"2256","1400000US53061052701",606,2020
"2257","1400000US53061052706",2099,2020
"2258","1400000US53061052707",1511,2020
"2259","1400000US53061052708",1965,2020
"2260","1400000US53061052709",1148,2020
"2261","1400000US53061052710",1573,2020
"2262","1400000US53061052711",1379,2020
"2263","1400000US53061052803",2241,2020
"2264","1400000US53061052805",1951,2020
"2265","1400000US53061052807",1613,2020
"2266","1400000US53061052808",1216,2020
"2267","1400000US53061052809",1354,2020
"2268","1400000US53061052810",1457,2020
"2269","1400000US53061052903",1829,2020
"2270","1400000US53061052904",2065,2020
"2271","1400000US53061052905",1994,2020
"2272","1400000US53061052906",1783,2020
"2273","1400000US53061053101",1786,2020
"2274","1400000US53061053102",2057,2020
"2275","1400000US53061053201",1685,2020
"2276","1400000US53061053202",1765,2020
"2277","1400000US53061053301",2678,2020
"2278","1400000US53061053302",2147,2020
"2279","1400000US53061053400",2186,2020
"2280","1400000US53061053505",1966,2020
"2281","1400000US53061053506",2120,2020
"2282","1400000US53061053507",2056,2020
"2283","1400000US53061053508",1287,2020
"2284","1400000US53061053509",1788,2020
"2285","1400000US53061053510",1756,2020
"2286","1400000US53061053511",1277,2020
"2287","1400000US53061053603",1606,2020
"2288","1400000US53061053604",1983,2020
"2289","1400000US53061053605",1038,2020
"2290","1400000US53061053606",1342,2020
"2291","1400000US53061053700",1296,2020
"2292","1400000US53061053801",1462,2020
"2293","1400000US53061053802",2280,2020
"2294","1400000US53061053803",2091,2020
"2295","1400000US53061940001",2265,2020
"2296","1400000US53061940002",1361,2020
"2297","1400000US53061990002",0,2020
"2298","1400000US53061990100",0,2020
